Stock, Data, RSI
20MICRONS, 2018-01-18 00:00:00, 29.762065400043767
20MICRONS, 2018-01-19 00:00:00, 66.80041514584298
20MICRONS, 2018-01-22 00:00:00, 67.35798895464842
20MICRONS, 2018-01-23 00:00:00, 70.2792524519212
20MICRONS, 2018-01-24 00:00:00, 69.42031167489215
20MICRONS, 2018-01-25 00:00:00, 68.51659614361256
20MICRONS, 2018-01-29 00:00:00, 67.90673143613043
20MICRONS, 2018-01-30 00:00:00, 66.82967496326695
20MICRONS, 2018-01-31 00:00:00, 66.91472692946147
20MICRONS, 2018-02-01 00:00:00, 66.7790313672813
20MICRONS, 2018-02-02 00:00:00, 65.96429577531651
20MICRONS, 2018-02-05 00:00:00, 65.00768711411976
20MICRONS, 2018-02-06 00:00:00, 64.66927656674045
20MICRONS, 2018-02-07 00:00:00, 65.89589778379992
20MICRONS, 2018-02-08 00:00:00, 67.23090562116076
20MICRONS, 2018-02-09 00:00:00, 67.51497828808982
20MICRONS, 2018-02-12 00:00:00, 68.5305049970805
20MICRONS, 2018-02-14 00:00:00, 68.93057447084901
20MICRONS, 2018-02-15 00:00:00, 69.00185267567853
20MICRONS, 2018-02-16 00:00:00, 68.0406212073384
20MICRONS, 2018-02-19 00:00:00, 67.57757774422709
20MICRONS, 2018-02-20 00:00:00, 67.68290814809794
20MICRONS, 2018-02-21 00:00:00, 67.73121874267565
20MICRONS, 2018-02-22 00:00:00, 67.64883931046327
20MICRONS, 2018-02-23 00:00:00, 68.0120474929635
20MICRONS, 2018-02-26 00:00:00, 68.30086493946489
20MICRONS, 2018-02-27 00:00:00, 68.04215891089295
20MICRONS, 2018-02-28 00:00:00, 68.00189287378106
20MICRONS, 2018-03-01 00:00:00, 67.95329851929202
20MICRONS, 2018-03-05 00:00:00, 67.82714395286442
20MICRONS, 2018-03-06 00:00:00, 67.67160055643453
20MICRONS, 2018-03-07 00:00:00, 67.10955038911214
20MICRONS, 2018-03-08 00:00:00, 67.02336149165794
20MICRONS, 2018-03-09 00:00:00, 66.86930587352072
20MICRONS, 2018-03-12 00:00:00, 67.32373512640554
20MICRONS, 2018-03-13 00:00:00, 68.50117567262141
20MICRONS, 2018-03-14 00:00:00, 68.48011225081382
20MICRONS, 2018-03-15 00:00:00, 68.75444054966952
20MICRONS, 2018-03-16 00:00:00, 68.49884236825261
20MICRONS, 2018-03-19 00:00:00, 68.34541184897256
20MICRONS, 2018-03-20 00:00:00, 68.25551956743335
20MICRONS, 2018-03-21 00:00:00, 68.29276496491889
20MICRONS, 2018-03-22 00:00:00, 67.99495017027573
20MICRONS, 2018-03-23 00:00:00, 67.78981484988773
20MICRONS, 2018-03-26 00:00:00, 68.20857792133039
20MICRONS, 2018-03-27 00:00:00, 68.32559495825843
20MICRONS, 2018-03-28 00:00:00, 68.30164827021767
20MICRONS, 2018-04-02 00:00:00, 68.66533848186528
20MICRONS, 2018-04-03 00:00:00, 68.66929743452101
20MICRONS, 2018-04-04 00:00:00, 68.8550322834946
20MICRONS, 2018-04-05 00:00:00, 68.74257230469482
20MICRONS, 2018-04-06 00:00:00, 68.68376559955693
20MICRONS, 2018-04-09 00:00:00, 68.65992881821518
20MICRONS, 2018-04-10 00:00:00, 68.63109050689266
20MICRONS, 2018-04-11 00:00:00, 68.61602929270074
20MICRONS, 2018-04-12 00:00:00, 68.57374799553975
20MICRONS, 2018-04-13 00:00:00, 69.23698002401528
20MICRONS, 2018-04-16 00:00:00, 69.36623189294855
20MICRONS, 2018-04-17 00:00:00, 69.20811534721219
20MICRONS, 2018-04-18 00:00:00, 69.18140935899764
20MICRONS, 2018-04-19 00:00:00, 69.07817534735557
20MICRONS, 2018-04-20 00:00:00, 69.26342254990675
20MICRONS, 2018-04-23 00:00:00, 69.24520341778125
20MICRONS, 2018-04-24 00:00:00, 69.15236597947535
20MICRONS, 2018-04-25 00:00:00, 69.06270066472202
20MICRONS, 2018-04-26 00:00:00, 68.9593837629699
20MICRONS, 2018-04-27 00:00:00, 68.96383011872265
20MICRONS, 2018-04-30 00:00:00, 68.80677908421264
20MICRONS, 2018-05-02 00:00:00, 68.68049807061902
20MICRONS, 2018-05-03 00:00:00, 68.51180915609254
20MICRONS, 2018-05-04 00:00:00, 68.70288243099287
20MICRONS, 2018-05-07 00:00:00, 68.7678224871778
20MICRONS, 2018-05-08 00:00:00, 68.66696272552093
20MICRONS, 2018-05-09 00:00:00, 68.66292129276054
20MICRONS, 2018-05-10 00:00:00, 68.6453065610512
20MICRONS, 2018-05-11 00:00:00, 68.65502632752832
20MICRONS, 2018-05-14 00:00:00, 68.56328633063562
20MICRONS, 2018-05-15 00:00:00, 68.65963851740044
20MICRONS, 2018-05-16 00:00:00, 68.55284824959247
20MICRONS, 2018-05-17 00:00:00, 68.48440245672226
20MICRONS, 2018-05-18 00:00:00, 68.44260368491786
20MICRONS, 2018-05-21 00:00:00, 68.37504766250647
20MICRONS, 2018-05-22 00:00:00, 68.3549141445914
20MICRONS, 2018-05-23 00:00:00, 68.3596323438651
20MICRONS, 2018-05-24 00:00:00, 68.66651051360279
20MICRONS, 2018-05-25 00:00:00, 68.43860844542276
20MICRONS, 2018-05-28 00:00:00, 68.51907945335468
20MICRONS, 2018-05-29 00:00:00, 68.50870444074712
20MICRONS, 2018-05-30 00:00:00, 68.4475788955908
20MICRONS, 2018-05-31 00:00:00, 68.51756957958054
20MICRONS, 2018-06-01 00:00:00, 68.47745600203956
20MICRONS, 2018-06-04 00:00:00, 68.36334127741266
20MICRONS, 2018-06-05 00:00:00, 68.18893413991648
20MICRONS, 2018-06-06 00:00:00, 68.10722431021081
20MICRONS, 2018-06-07 00:00:00, 68.25025444194064
20MICRONS, 2018-06-08 00:00:00, 68.40772150049628
20MICRONS, 2018-06-11 00:00:00, 68.4989158638804
20MICRONS, 2018-06-12 00:00:00, 68.42118959831421
20MICRONS, 2018-06-13 00:00:00, 68.41686125476625
20MICRONS, 2018-06-14 00:00:00, 68.3230535252762
20MICRONS, 2018-06-15 00:00:00, 68.32994348177851
20MICRONS, 2018-06-18 00:00:00, 68.34148121404422
20MICRONS, 2018-06-19 00:00:00, 68.35412132768718
20MICRONS, 2018-06-20 00:00:00, 68.37089332504891
20MICRONS, 2018-06-21 00:00:00, 68.43174039788539
20MICRONS, 2018-06-22 00:00:00, 68.38442092910265
20MICRONS, 2018-06-25 00:00:00, 68.50450003289491
20MICRONS, 2018-06-26 00:00:00, 68.41553165848748
20MICRONS, 2018-06-27 00:00:00, 68.27369234395248
20MICRONS, 2018-06-28 00:00:00, 68.2071069173673
20MICRONS, 2018-06-29 00:00:00, 68.26586836376275
20MICRONS, 2018-07-02 00:00:00, 68.32459067818884
20MICRONS, 2018-07-03 00:00:00, 68.31810006156118
20MICRONS, 2018-07-04 00:00:00, 68.287236812536
20MICRONS, 2018-07-05 00:00:00, 68.29592141325023
20MICRONS, 2018-07-06 00:00:00, 68.32246332882164
20MICRONS, 2018-07-09 00:00:00, 68.39128519291963
20MICRONS, 2018-07-10 00:00:00, 68.41453906228554
20MICRONS, 2018-07-11 00:00:00, 68.43298908194706
20MICRONS, 2018-07-12 00:00:00, 68.49074937201819
20MICRONS, 2018-07-13 00:00:00, 68.42404448208922
20MICRONS, 2018-07-16 00:00:00, 68.39018559066307
20MICRONS, 2018-07-17 00:00:00, 68.40153552170167
20MICRONS, 2018-07-18 00:00:00, 68.3877865811965
20MICRONS, 2018-07-19 00:00:00, 68.36906682891106
20MICRONS, 2018-07-20 00:00:00, 68.35853715547472
20MICRONS, 2018-07-23 00:00:00, 68.44079632358796
20MICRONS, 2018-07-24 00:00:00, 68.59828911012826
20MICRONS, 2018-07-25 00:00:00, 68.73345126564918
20MICRONS, 2018-07-26 00:00:00, 68.75772582954053
20MICRONS, 2018-07-27 00:00:00, 68.78178276087645
20MICRONS, 2018-07-30 00:00:00, 68.80566542607396
20MICRONS, 2018-07-31 00:00:00, 68.90947361153121
20MICRONS, 2018-08-01 00:00:00, 68.98886241883713
20MICRONS, 2018-08-02 00:00:00, 69.06629322030369
20MICRONS, 2018-08-03 00:00:00, 69.04464504902347
20MICRONS, 2018-08-06 00:00:00, 69.22463470639437
20MICRONS, 2018-08-07 00:00:00, 69.26479151035414
20MICRONS, 2018-08-08 00:00:00, 69.52635196667214
20MICRONS, 2018-08-09 00:00:00, 69.47969654679156
20MICRONS, 2018-08-10 00:00:00, 69.36574174625537
20MICRONS, 2018-08-13 00:00:00, 69.48705843113615
20MICRONS, 2018-08-14 00:00:00, 69.38704759141902
20MICRONS, 2018-08-16 00:00:00, 69.30483491596593
20MICRONS, 2018-08-17 00:00:00, 69.3396863716887
20MICRONS, 2018-08-20 00:00:00, 69.3285465802546
20MICRONS, 2018-08-21 00:00:00, 69.26481511359502
20MICRONS, 2018-08-23 00:00:00, 69.47580600828996
20MICRONS, 2018-08-24 00:00:00, 69.41135545334812
20MICRONS, 2018-08-27 00:00:00, 69.42669232722108
20MICRONS, 2018-08-28 00:00:00, 69.45263893099539
20MICRONS, 2018-08-29 00:00:00, 69.56169157734863
20MICRONS, 2018-08-30 00:00:00, 69.64763351082375
20MICRONS, 2018-08-31 00:00:00, 69.59709612693581
20MICRONS, 2018-09-03 00:00:00, 69.56368808477306
20MICRONS, 2018-09-04 00:00:00, 69.51015544994495
20MICRONS, 2018-09-05 00:00:00, 69.48387737354477
20MICRONS, 2018-09-06 00:00:00, 69.50869230296856
20MICRONS, 2018-09-07 00:00:00, 69.57018477415545
20MICRONS, 2018-09-10 00:00:00, 69.70796118461703
20MICRONS, 2018-09-11 00:00:00, 69.68734608230925
20MICRONS, 2018-09-12 00:00:00, 69.61227080220745
20MICRONS, 2018-09-14 00:00:00, 69.68902757129763
20MICRONS, 2018-09-17 00:00:00, 69.66035467924121
20MICRONS, 2018-09-18 00:00:00, 69.61208822174419
20MICRONS, 2018-09-19 00:00:00, 69.60695799736389
20MICRONS, 2018-09-21 00:00:00, 69.5367218519427
20MICRONS, 2018-09-24 00:00:00, 69.387693122754
20MICRONS, 2018-09-25 00:00:00, 69.34263430915267
20MICRONS, 2018-09-26 00:00:00, 69.51600953639385
20MICRONS, 2018-09-27 00:00:00, 69.4511174507293
20MICRONS, 2018-09-28 00:00:00, 69.31535417326666
20MICRONS, 2018-10-01 00:00:00, 69.25370599042311
20MICRONS, 2018-10-03 00:00:00, 69.30854209946219
20MICRONS, 2018-10-04 00:00:00, 69.25182327821751
20MICRONS, 2018-10-05 00:00:00, 69.21173819657011
20MICRONS, 2018-10-08 00:00:00, 69.18267638653822
20MICRONS, 2018-10-09 00:00:00, 69.17683992249152
20MICRONS, 2018-10-10 00:00:00, 69.28045588076557
20MICRONS, 2018-10-11 00:00:00, 69.20843318434382
20MICRONS, 2018-10-12 00:00:00, 69.28079886560005
20MICRONS, 2018-10-15 00:00:00, 69.33752909225088
20MICRONS, 2018-10-16 00:00:00, 69.402982652639
20MICRONS, 2018-10-17 00:00:00, 69.42191276850127
20MICRONS, 2018-10-19 00:00:00, 69.33022123624912
20MICRONS, 2018-10-22 00:00:00, 69.32512603463495
20MICRONS, 2018-10-23 00:00:00, 69.21788327040815
20MICRONS, 2018-10-24 00:00:00, 69.23689113313291
20MICRONS, 2018-10-25 00:00:00, 69.19656152177946
20MICRONS, 2018-10-26 00:00:00, 69.21750187154633
20MICRONS, 2018-10-29 00:00:00, 69.24783568070376
20MICRONS, 2018-10-30 00:00:00, 69.33711503780697
20MICRONS, 2018-10-31 00:00:00, 69.41712861086265
20MICRONS, 2018-11-01 00:00:00, 69.42226253538946
20MICRONS, 2018-11-02 00:00:00, 69.43277095229894
20MICRONS, 2018-11-05 00:00:00, 69.44052441954511
20MICRONS, 2018-11-06 00:00:00, 69.42123967110588
20MICRONS, 2018-11-07 00:00:00, 69.46836031454089
20MICRONS, 2018-11-09 00:00:00, 69.42083387250625
20MICRONS, 2018-11-12 00:00:00, 69.5109641600796
20MICRONS, 2018-11-13 00:00:00, 69.53988520524315
20MICRONS, 2018-11-14 00:00:00, 69.54870908140438
20MICRONS, 2018-11-15 00:00:00, 69.54044799478086
20MICRONS, 2018-11-16 00:00:00, 69.49831694328654
20MICRONS, 2018-11-19 00:00:00, 69.6393191640046
20MICRONS, 2018-11-20 00:00:00, 69.56837859260577
20MICRONS, 2018-11-21 00:00:00, 69.63506876312098
20MICRONS, 2018-11-22 00:00:00, 69.60721915415517
20MICRONS, 2018-11-26 00:00:00, 69.50914721913657
20MICRONS, 2018-11-27 00:00:00, 69.52271982064521
20MICRONS, 2018-11-28 00:00:00, 69.50714912002893
20MICRONS, 2018-11-29 00:00:00, 69.49394123309004
20MICRONS, 2018-11-30 00:00:00, 69.48667992580081
20MICRONS, 2018-12-03 00:00:00, 69.49152832727827
20MICRONS, 2018-12-04 00:00:00, 69.48703455786386
20MICRONS, 2018-12-05 00:00:00, 69.47323977461814
20MICRONS, 2018-12-06 00:00:00, 69.47104272961462
20MICRONS, 2018-12-07 00:00:00, 69.48563870211005
20MICRONS, 2018-12-10 00:00:00, 69.45888396020031
20MICRONS, 2018-12-11 00:00:00, 69.48468857994715
20MICRONS, 2018-12-12 00:00:00, 69.5421754667382
20MICRONS, 2018-12-13 00:00:00, 69.55068843049474
20MICRONS, 2018-12-14 00:00:00, 69.52014412866643
20MICRONS, 2018-12-17 00:00:00, 69.51506734487847
20MICRONS, 2018-12-18 00:00:00, 69.51453637477762
20MICRONS, 2018-12-19 00:00:00, 69.5490380610443
20MICRONS, 2018-12-20 00:00:00, 69.54329942989467
20MICRONS, 2018-12-21 00:00:00, 69.51763187918554
20MICRONS, 2018-12-24 00:00:00, 69.49499946680433
20MICRONS, 2018-12-26 00:00:00, 69.4915631922381
20MICRONS, 2018-12-27 00:00:00, 69.4994563573756
20MICRONS, 2018-12-28 00:00:00, 69.50647508067472
20MICRONS, 2018-12-31 00:00:00, 69.50831276208305
21STCENMGM, 2018-01-31 00:00:00, 100.0
21STCENMGM, 2018-02-01 00:00:00, 100.0
21STCENMGM, 2018-02-02 00:00:00, 100.0
21STCENMGM, 2018-02-05 00:00:00, 100.0
21STCENMGM, 2018-02-06 00:00:00, 100.0
21STCENMGM, 2018-02-07 00:00:00, 100.0
21STCENMGM, 2018-02-08 00:00:00, 100.0
21STCENMGM, 2018-02-09 00:00:00, 100.0
21STCENMGM, 2018-02-12 00:00:00, 100.0
21STCENMGM, 2018-02-14 00:00:00, 100.0
21STCENMGM, 2018-02-15 00:00:00, 100.0
21STCENMGM, 2018-02-16 00:00:00, 100.0
21STCENMGM, 2018-02-19 00:00:00, 100.0
21STCENMGM, 2018-02-20 00:00:00, 100.0
21STCENMGM, 2018-02-21 00:00:00, 100.0
21STCENMGM, 2018-02-22 00:00:00, 100.0
21STCENMGM, 2018-02-23 00:00:00, 100.0
21STCENMGM, 2018-02-26 00:00:00, 100.0
21STCENMGM, 2018-02-27 00:00:00, 100.0
21STCENMGM, 2018-02-28 00:00:00, 100.0
21STCENMGM, 2018-03-01 00:00:00, 100.0
21STCENMGM, 2018-03-05 00:00:00, 100.0
21STCENMGM, 2018-03-06 00:00:00, 100.0
21STCENMGM, 2018-03-08 00:00:00, 100.0
21STCENMGM, 2018-03-14 00:00:00, 100.0
21STCENMGM, 2018-03-15 00:00:00, 100.0
21STCENMGM, 2018-03-16 00:00:00, 100.0
21STCENMGM, 2018-03-19 00:00:00, 100.0
21STCENMGM, 2018-03-20 00:00:00, 100.0
21STCENMGM, 2018-03-21 00:00:00, 100.0
21STCENMGM, 2018-03-22 00:00:00, 99.97116179258819
21STCENMGM, 2018-03-23 00:00:00, 100.0
21STCENMGM, 2018-03-26 00:00:00, 100.0
21STCENMGM, 2018-03-27 00:00:00, 100.0
21STCENMGM, 2018-03-28 00:00:00, 100.0
21STCENMGM, 2018-04-02 00:00:00, 100.0
21STCENMGM, 2018-04-03 00:00:00, 100.0
21STCENMGM, 2018-04-04 00:00:00, 100.0
21STCENMGM, 2018-04-05 00:00:00, 100.0
21STCENMGM, 2018-04-06 00:00:00, 100.0
21STCENMGM, 2018-04-09 00:00:00, 100.0
21STCENMGM, 2018-04-10 00:00:00, 100.0
21STCENMGM, 2018-04-11 00:00:00, 100.0
21STCENMGM, 2018-04-13 00:00:00, 100.0
21STCENMGM, 2018-04-16 00:00:00, 100.0
21STCENMGM, 2018-04-17 00:00:00, 100.0
21STCENMGM, 2018-04-18 00:00:00, 100.0
21STCENMGM, 2018-04-19 00:00:00, 100.0
21STCENMGM, 2018-04-20 00:00:00, 100.0
21STCENMGM, 2018-04-23 00:00:00, 100.0
21STCENMGM, 2018-04-24 00:00:00, 100.0
21STCENMGM, 2018-04-25 00:00:00, 100.0
21STCENMGM, 2018-04-26 00:00:00, 100.0
21STCENMGM, 2018-04-27 00:00:00, 100.0
21STCENMGM, 2018-04-30 00:00:00, 100.0
21STCENMGM, 2018-05-02 00:00:00, 100.0
21STCENMGM, 2018-05-03 00:00:00, 100.0
21STCENMGM, 2018-05-04 00:00:00, 100.0
21STCENMGM, 2018-05-07 00:00:00, 100.0
21STCENMGM, 2018-05-08 00:00:00, 100.0
21STCENMGM, 2018-05-09 00:00:00, 100.0
21STCENMGM, 2018-05-10 00:00:00, 100.0
21STCENMGM, 2018-05-11 00:00:00, 100.0
21STCENMGM, 2018-05-14 00:00:00, 100.0
21STCENMGM, 2018-05-15 00:00:00, 100.0
21STCENMGM, 2018-05-16 00:00:00, 100.0
21STCENMGM, 2018-05-17 00:00:00, 100.0
21STCENMGM, 2018-05-18 00:00:00, 100.0
21STCENMGM, 2018-05-21 00:00:00, 100.0
21STCENMGM, 2018-05-22 00:00:00, 100.0
21STCENMGM, 2018-05-23 00:00:00, 100.0
21STCENMGM, 2018-05-24 00:00:00, 100.0
21STCENMGM, 2018-05-25 00:00:00, 100.0
21STCENMGM, 2018-05-28 00:00:00, 100.0
21STCENMGM, 2018-05-29 00:00:00, 100.0
21STCENMGM, 2018-05-30 00:00:00, 100.0
21STCENMGM, 2018-05-31 00:00:00, 100.0
21STCENMGM, 2018-06-01 00:00:00, 100.0
21STCENMGM, 2018-06-04 00:00:00, 100.0
21STCENMGM, 2018-06-05 00:00:00, 100.0
21STCENMGM, 2018-06-06 00:00:00, 100.0
21STCENMGM, 2018-06-07 00:00:00, 100.0
21STCENMGM, 2018-06-08 00:00:00, 100.0
21STCENMGM, 2018-06-11 00:00:00, 100.0
21STCENMGM, 2018-06-12 00:00:00, 100.0
21STCENMGM, 2018-06-13 00:00:00, 100.0
21STCENMGM, 2018-06-14 00:00:00, 100.0
21STCENMGM, 2018-06-15 00:00:00, 100.0
21STCENMGM, 2018-06-18 00:00:00, 100.0
21STCENMGM, 2018-06-19 00:00:00, 100.0
21STCENMGM, 2018-06-20 00:00:00, 100.0
21STCENMGM, 2018-06-21 00:00:00, 100.0
21STCENMGM, 2018-06-22 00:00:00, 100.0
21STCENMGM, 2018-06-25 00:00:00, 100.0
21STCENMGM, 2018-06-26 00:00:00, 100.0
21STCENMGM, 2018-06-27 00:00:00, 100.0
21STCENMGM, 2018-06-28 00:00:00, 100.0
21STCENMGM, 2018-06-29 00:00:00, 100.0
21STCENMGM, 2018-07-02 00:00:00, 100.0
21STCENMGM, 2018-07-03 00:00:00, 100.0
21STCENMGM, 2018-07-04 00:00:00, 100.0
21STCENMGM, 2018-07-05 00:00:00, 100.0
21STCENMGM, 2018-07-06 00:00:00, 100.0
21STCENMGM, 2018-07-09 00:00:00, 100.0
21STCENMGM, 2018-07-10 00:00:00, 100.0
21STCENMGM, 2018-07-11 00:00:00, 100.0
21STCENMGM, 2018-07-12 00:00:00, 100.0
21STCENMGM, 2018-07-13 00:00:00, 100.0
21STCENMGM, 2018-07-16 00:00:00, 100.0
21STCENMGM, 2018-07-17 00:00:00, 100.0
21STCENMGM, 2018-07-18 00:00:00, 100.0
21STCENMGM, 2018-07-19 00:00:00, 99.96795857400608
21STCENMGM, 2018-07-20 00:00:00, 100.0
21STCENMGM, 2018-07-23 00:00:00, 100.0
21STCENMGM, 2018-07-24 00:00:00, 100.0
21STCENMGM, 2018-07-25 00:00:00, 100.0
21STCENMGM, 2018-07-26 00:00:00, 100.0
21STCENMGM, 2018-07-27 00:00:00, 100.0
21STCENMGM, 2018-07-30 00:00:00, 100.0
21STCENMGM, 2018-07-31 00:00:00, 100.0
21STCENMGM, 2018-08-01 00:00:00, 100.0
21STCENMGM, 2018-08-02 00:00:00, 100.0
21STCENMGM, 2018-08-03 00:00:00, 100.0
21STCENMGM, 2018-08-06 00:00:00, 100.0
21STCENMGM, 2018-08-07 00:00:00, 100.0
21STCENMGM, 2018-08-08 00:00:00, 100.0
21STCENMGM, 2018-08-09 00:00:00, 100.0
21STCENMGM, 2018-08-10 00:00:00, 100.0
21STCENMGM, 2018-08-13 00:00:00, 100.0
21STCENMGM, 2018-08-14 00:00:00, 100.0
21STCENMGM, 2018-08-16 00:00:00, 100.0
21STCENMGM, 2018-08-17 00:00:00, 100.0
21STCENMGM, 2018-08-20 00:00:00, 100.0
21STCENMGM, 2018-08-21 00:00:00, 100.0
21STCENMGM, 2018-08-23 00:00:00, 100.0
21STCENMGM, 2018-08-24 00:00:00, 100.0
21STCENMGM, 2018-08-27 00:00:00, 100.0
21STCENMGM, 2018-08-28 00:00:00, 100.0
21STCENMGM, 2018-08-29 00:00:00, 100.0
21STCENMGM, 2018-08-30 00:00:00, 100.0
21STCENMGM, 2018-08-31 00:00:00, 100.0
21STCENMGM, 2018-09-03 00:00:00, 100.0
21STCENMGM, 2018-09-04 00:00:00, 100.0
21STCENMGM, 2018-09-05 00:00:00, 99.9480545639677
21STCENMGM, 2018-09-06 00:00:00, 99.93556108011576
21STCENMGM, 2018-09-07 00:00:00, 99.88944343163345
21STCENMGM, 2018-09-10 00:00:00, 99.86667341288748
21STCENMGM, 2018-09-11 00:00:00, 99.82414418049524
21STCENMGM, 2018-09-12 00:00:00, 99.79353608610596
21STCENMGM, 2018-09-14 00:00:00, 99.91798371070028
21STCENMGM, 2018-09-17 00:00:00, 99.94650616086439
21STCENMGM, 2018-09-18 00:00:00, 99.93058578163765
21STCENMGM, 2018-09-19 00:00:00, 99.87305276318888
21STCENMGM, 2018-09-21 00:00:00, 99.8279016389998
21STCENMGM, 2018-09-24 00:00:00, 99.82284066592739
21STCENMGM, 2018-09-25 00:00:00, 99.7890916432819
21STCENMGM, 2018-09-26 00:00:00, 99.73304562445593
21STCENMGM, 2018-09-27 00:00:00, 99.68911517017415
21STCENMGM, 2018-09-28 00:00:00, 99.64787435983297
21STCENMGM, 2018-10-01 00:00:00, 99.61300764707975
21STCENMGM, 2018-10-03 00:00:00, 99.61138048287206
21STCENMGM, 2018-10-04 00:00:00, 99.54057602598884
21STCENMGM, 2018-10-05 00:00:00, 99.50932753477511
21STCENMGM, 2018-10-08 00:00:00, 99.46811501873843
21STCENMGM, 2018-10-09 00:00:00, 99.43321910081193
21STCENMGM, 2018-10-10 00:00:00, 99.41767789519062
21STCENMGM, 2018-10-11 00:00:00, 99.48124862667352
21STCENMGM, 2018-10-12 00:00:00, 99.47875614731872
21STCENMGM, 2018-10-15 00:00:00, 99.52118113810772
21STCENMGM, 2018-10-16 00:00:00, 99.55528049049273
21STCENMGM, 2018-10-17 00:00:00, 99.51742890111603
21STCENMGM, 2018-10-19 00:00:00, 99.53650756888328
21STCENMGM, 2018-10-22 00:00:00, 99.47660940332244
21STCENMGM, 2018-10-23 00:00:00, 99.44339164477562
21STCENMGM, 2018-10-24 00:00:00, 99.41182360939015
21STCENMGM, 2018-10-25 00:00:00, 99.37771593128724
21STCENMGM, 2018-10-26 00:00:00, 99.34871222387501
21STCENMGM, 2018-10-29 00:00:00, 99.32456846184978
21STCENMGM, 2018-10-30 00:00:00, 99.29617434644061
21STCENMGM, 2018-10-31 00:00:00, 99.26799011128259
21STCENMGM, 2018-11-01 00:00:00, 99.26775450101657
21STCENMGM, 2018-11-02 00:00:00, 99.32691226726048
21STCENMGM, 2018-11-05 00:00:00, 99.32628908207481
21STCENMGM, 2018-11-06 00:00:00, 99.291228501748
21STCENMGM, 2018-11-07 00:00:00, 99.26173134265183
21STCENMGM, 2018-11-09 00:00:00, 99.27646851119084
21STCENMGM, 2018-11-12 00:00:00, 99.32923716063975
21STCENMGM, 2018-11-13 00:00:00, 99.3607223937756
21STCENMGM, 2018-11-14 00:00:00, 99.39072277047966
21STCENMGM, 2018-11-15 00:00:00, 99.38362246142279
21STCENMGM, 2018-11-16 00:00:00, 99.37076122596417
21STCENMGM, 2018-11-19 00:00:00, 99.34354889998654
21STCENMGM, 2018-11-20 00:00:00, 99.36346367148823
21STCENMGM, 2018-11-21 00:00:00, 99.3464334329183
21STCENMGM, 2018-11-22 00:00:00, 99.35735343713884
21STCENMGM, 2018-11-26 00:00:00, 99.35536177640289
21STCENMGM, 2018-11-27 00:00:00, 99.34490621663741
21STCENMGM, 2018-11-28 00:00:00, 99.30101108814678
21STCENMGM, 2018-11-29 00:00:00, 99.31058795930146
21STCENMGM, 2018-11-30 00:00:00, 99.29729525618495
21STCENMGM, 2018-12-03 00:00:00, 99.34771452506374
21STCENMGM, 2018-12-04 00:00:00, 99.37713158528891
21STCENMGM, 2018-12-05 00:00:00, 99.40456155401033
21STCENMGM, 2018-12-06 00:00:00, 99.41727868163737
21STCENMGM, 2018-12-07 00:00:00, 99.42266321855868
21STCENMGM, 2018-12-10 00:00:00, 99.44822065476015
21STCENMGM, 2018-12-11 00:00:00, 99.43551524714371
21STCENMGM, 2018-12-12 00:00:00, 99.4658069062057
21STCENMGM, 2018-12-13 00:00:00, 99.47095593485224
21STCENMGM, 2018-12-14 00:00:00, 99.47844668592487
21STCENMGM, 2018-12-17 00:00:00, 99.41195495127386
21STCENMGM, 2018-12-18 00:00:00, 99.43240032213274
21STCENMGM, 2018-12-19 00:00:00, 99.45915867605738
21STCENMGM, 2018-12-20 00:00:00, 99.45082762618279
21STCENMGM, 2018-12-21 00:00:00, 99.46577050170588
21STCENMGM, 2018-12-24 00:00:00, 99.49743332199091
21STCENMGM, 2018-12-26 00:00:00, 99.50488170527012
21STCENMGM, 2018-12-28 00:00:00, 99.48547814263482
21STCENMGM, 2018-12-31 00:00:00, 99.49659198603213
3IINFOTECH, 2018-01-18 00:00:00, 81.02732008495147
3IINFOTECH, 2018-01-19 00:00:00, 17.322664124151757
3IINFOTECH, 2018-01-22 00:00:00, 17.532265303053535
3IINFOTECH, 2018-01-23 00:00:00, 17.993709004478234
3IINFOTECH, 2018-01-24 00:00:00, 17.66418608641915
3IINFOTECH, 2018-01-25 00:00:00, 17.582322479330358
3IINFOTECH, 2018-01-29 00:00:00, 17.68541529813818
3IINFOTECH, 2018-01-30 00:00:00, 17.501910167710705
3IINFOTECH, 2018-01-31 00:00:00, 17.44287699243978
3IINFOTECH, 2018-02-01 00:00:00, 17.39910521286673
3IINFOTECH, 2018-02-02 00:00:00, 17.24660773384859
3IINFOTECH, 2018-02-05 00:00:00, 17.372346668502075
3IINFOTECH, 2018-02-06 00:00:00, 17.533651931119778
3IINFOTECH, 2018-02-07 00:00:00, 17.75656689925853
3IINFOTECH, 2018-02-08 00:00:00, 17.829257018155715
3IINFOTECH, 2018-02-09 00:00:00, 17.727678692735424
3IINFOTECH, 2018-02-12 00:00:00, 17.755529121801544
3IINFOTECH, 2018-02-14 00:00:00, 17.83617530867633
3IINFOTECH, 2018-02-15 00:00:00, 17.859949745564066
3IINFOTECH, 2018-02-16 00:00:00, 17.72996895575585
3IINFOTECH, 2018-02-19 00:00:00, 17.757357668273443
3IINFOTECH, 2018-02-20 00:00:00, 17.84867642431223
3IINFOTECH, 2018-02-21 00:00:00, 17.865876313208688
3IINFOTECH, 2018-02-22 00:00:00, 17.83712366577251
3IINFOTECH, 2018-02-23 00:00:00, 17.88811919571775
3IINFOTECH, 2018-02-26 00:00:00, 18.008657980718965
3IINFOTECH, 2018-02-27 00:00:00, 17.9859348680302
3IINFOTECH, 2018-02-28 00:00:00, 18.014789080488683
3IINFOTECH, 2018-03-01 00:00:00, 18.058446800171083
3IINFOTECH, 2018-03-05 00:00:00, 18.081363486056148
3IINFOTECH, 2018-03-06 00:00:00, 18.083022707295697
3IINFOTECH, 2018-03-07 00:00:00, 18.038990850825456
3IINFOTECH, 2018-03-08 00:00:00, 18.055258324755798
3IINFOTECH, 2018-03-09 00:00:00, 18.010328452667494
3IINFOTECH, 2018-03-12 00:00:00, 18.02579010013872
3IINFOTECH, 2018-03-13 00:00:00, 18.041074988502757
3IINFOTECH, 2018-03-14 00:00:00, 18.022566188046824
3IINFOTECH, 2018-03-15 00:00:00, 18.017228994213767
3IINFOTECH, 2018-03-16 00:00:00, 17.964818893009237
3IINFOTECH, 2018-03-19 00:00:00, 17.94960513321672
3IINFOTECH, 2018-03-20 00:00:00, 17.96907828133874
3IINFOTECH, 2018-03-21 00:00:00, 18.018412788991398
3IINFOTECH, 2018-03-22 00:00:00, 18.08534612868047
3IINFOTECH, 2018-03-23 00:00:00, 18.072846848782604
3IINFOTECH, 2018-03-26 00:00:00, 18.123491158852943
3IINFOTECH, 2018-03-27 00:00:00, 18.144039056510152
3IINFOTECH, 2018-03-28 00:00:00, 18.140200481308625
3IINFOTECH, 2018-04-02 00:00:00, 18.225437582780245
3IINFOTECH, 2018-04-03 00:00:00, 18.22297996264321
3IINFOTECH, 2018-04-04 00:00:00, 18.224634546680306
3IINFOTECH, 2018-04-05 00:00:00, 18.25643266325548
3IINFOTECH, 2018-04-06 00:00:00, 18.25970003791946
3IINFOTECH, 2018-04-09 00:00:00, 18.288485719615608
3IINFOTECH, 2018-04-10 00:00:00, 18.28554715115503
3IINFOTECH, 2018-04-11 00:00:00, 18.284568229878985
3IINFOTECH, 2018-04-12 00:00:00, 18.28360879489817
3IINFOTECH, 2018-04-13 00:00:00, 18.297580520185477
3IINFOTECH, 2018-04-16 00:00:00, 18.318017787144584
3IINFOTECH, 2018-04-17 00:00:00, 18.331186860996937
3IINFOTECH, 2018-04-18 00:00:00, 18.33519537640511
3IINFOTECH, 2018-04-19 00:00:00, 18.36926946924511
3IINFOTECH, 2018-04-20 00:00:00, 18.418748494956844
3IINFOTECH, 2018-04-23 00:00:00, 18.476371473074593
3IINFOTECH, 2018-04-24 00:00:00, 18.39685843278727
3IINFOTECH, 2018-04-25 00:00:00, 18.33112364178723
3IINFOTECH, 2018-04-26 00:00:00, 18.318254699006488
3IINFOTECH, 2018-04-27 00:00:00, 18.325348553899047
3IINFOTECH, 2018-04-30 00:00:00, 18.349161442401822
3IINFOTECH, 2018-05-02 00:00:00, 18.348058450778865
3IINFOTECH, 2018-05-03 00:00:00, 18.315427691652033
3IINFOTECH, 2018-05-04 00:00:00, 18.319036744261595
3IINFOTECH, 2018-05-07 00:00:00, 18.32498292085681
3IINFOTECH, 2018-05-08 00:00:00, 18.323897623667875
3IINFOTECH, 2018-05-09 00:00:00, 18.30793435751771
3IINFOTECH, 2018-05-10 00:00:00, 18.314385905806517
3IINFOTECH, 2018-05-11 00:00:00, 18.304614918182295
3IINFOTECH, 2018-05-14 00:00:00, 18.320599209882744
3IINFOTECH, 2018-05-15 00:00:00, 18.308223135608003
3IINFOTECH, 2018-05-16 00:00:00, 18.286187025627797
3IINFOTECH, 2018-05-17 00:00:00, 18.291053418564474
3IINFOTECH, 2018-05-18 00:00:00, 18.336212106176745
3IINFOTECH, 2018-05-21 00:00:00, 18.37403984632158
3IINFOTECH, 2018-05-22 00:00:00, 18.406787673677456
3IINFOTECH, 2018-05-23 00:00:00, 18.428308238105018
3IINFOTECH, 2018-05-24 00:00:00, 18.465825913396387
3IINFOTECH, 2018-05-25 00:00:00, 18.470598779576818
3IINFOTECH, 2018-05-28 00:00:00, 18.452890896417287
3IINFOTECH, 2018-05-29 00:00:00, 18.460232595801926
3IINFOTECH, 2018-05-30 00:00:00, 18.464880010888635
3IINFOTECH, 2018-05-31 00:00:00, 18.457842387189174
3IINFOTECH, 2018-06-01 00:00:00, 18.448340826553718
3IINFOTECH, 2018-06-04 00:00:00, 18.45702094547984
3IINFOTECH, 2018-06-05 00:00:00, 18.441533242346225
3IINFOTECH, 2018-06-06 00:00:00, 18.428743908832686
3IINFOTECH, 2018-06-07 00:00:00, 18.472786095570726
3IINFOTECH, 2018-06-08 00:00:00, 18.49553488465257
3IINFOTECH, 2018-06-11 00:00:00, 18.489712657001974
3IINFOTECH, 2018-06-12 00:00:00, 18.4806284723183
3IINFOTECH, 2018-06-13 00:00:00, 18.475234356712633
3IINFOTECH, 2018-06-14 00:00:00, 18.478188505892945
3IINFOTECH, 2018-06-15 00:00:00, 18.478755073209797
3IINFOTECH, 2018-06-18 00:00:00, 18.470021708616883
3IINFOTECH, 2018-06-19 00:00:00, 18.437409320322857
3IINFOTECH, 2018-06-20 00:00:00, 18.45867770961614
3IINFOTECH, 2018-06-21 00:00:00, 18.44462585152455
3IINFOTECH, 2018-06-22 00:00:00, 18.44086624187237
3IINFOTECH, 2018-06-25 00:00:00, 18.461900375901763
3IINFOTECH, 2018-06-26 00:00:00, 18.460321824265748
3IINFOTECH, 2018-06-27 00:00:00, 18.451105940176305
3IINFOTECH, 2018-06-28 00:00:00, 18.44526112198531
3IINFOTECH, 2018-06-29 00:00:00, 18.462184852382578
3IINFOTECH, 2018-07-02 00:00:00, 18.495981136314512
3IINFOTECH, 2018-07-03 00:00:00, 18.48047132932058
3IINFOTECH, 2018-07-04 00:00:00, 18.473585070567836
3IINFOTECH, 2018-07-05 00:00:00, 18.474115012569357
3IINFOTECH, 2018-07-06 00:00:00, 18.477768634604246
3IINFOTECH, 2018-07-09 00:00:00, 18.484395091570264
3IINFOTECH, 2018-07-10 00:00:00, 18.484854760259623
3IINFOTECH, 2018-07-11 00:00:00, 18.487343483790923
3IINFOTECH, 2018-07-12 00:00:00, 18.492843463381888
3IINFOTECH, 2018-07-13 00:00:00, 18.48117482965195
3IINFOTECH, 2018-07-16 00:00:00, 18.45782921480651
3IINFOTECH, 2018-07-17 00:00:00, 18.468240925089447
3IINFOTECH, 2018-07-18 00:00:00, 18.476598956086278
3IINFOTECH, 2018-07-19 00:00:00, 18.470253692608225
3IINFOTECH, 2018-07-20 00:00:00, 18.46397617335205
3IINFOTECH, 2018-07-23 00:00:00, 18.46270200786992
3IINFOTECH, 2018-07-24 00:00:00, 18.472737651129876
3IINFOTECH, 2018-07-25 00:00:00, 18.475112436701934
3IINFOTECH, 2018-07-26 00:00:00, 18.47840678720803
3IINFOTECH, 2018-07-27 00:00:00, 18.477919837700767
3IINFOTECH, 2018-07-30 00:00:00, 18.48388137126483
3IINFOTECH, 2018-07-31 00:00:00, 18.490742257626692
3IINFOTECH, 2018-08-01 00:00:00, 18.492958068588166
3IINFOTECH, 2018-08-02 00:00:00, 18.493328258489328
3IINFOTECH, 2018-08-03 00:00:00, 18.51552115736243
3IINFOTECH, 2018-08-06 00:00:00, 18.519894250949235
3IINFOTECH, 2018-08-07 00:00:00, 18.519239067898155
3IINFOTECH, 2018-08-08 00:00:00, 18.519479960490457
3IINFOTECH, 2018-08-09 00:00:00, 18.517060851998536
3IINFOTECH, 2018-08-10 00:00:00, 18.519073186536303
3IINFOTECH, 2018-08-13 00:00:00, 18.520652250500504
3IINFOTECH, 2018-08-14 00:00:00, 18.52261360494552
3IINFOTECH, 2018-08-16 00:00:00, 18.523048847481235
3IINFOTECH, 2018-08-17 00:00:00, 18.526685459134484
3IINFOTECH, 2018-08-20 00:00:00, 18.526429887973435
3IINFOTECH, 2018-08-21 00:00:00, 18.529149381150134
3IINFOTECH, 2018-08-23 00:00:00, 18.534520981837687
3IINFOTECH, 2018-08-24 00:00:00, 18.535511646211404
3IINFOTECH, 2018-08-27 00:00:00, 18.538434306820164
3IINFOTECH, 2018-08-28 00:00:00, 18.539392422640987
3IINFOTECH, 2018-08-29 00:00:00, 18.548486602218205
3IINFOTECH, 2018-08-30 00:00:00, 18.55264243409934
3IINFOTECH, 2018-08-31 00:00:00, 18.55433985484828
3IINFOTECH, 2018-09-03 00:00:00, 18.562547581373906
3IINFOTECH, 2018-09-04 00:00:00, 18.5594027608948
3IINFOTECH, 2018-09-05 00:00:00, 18.556284457040277
3IINFOTECH, 2018-09-06 00:00:00, 18.557137527201903
3IINFOTECH, 2018-09-07 00:00:00, 18.557197747939654
3IINFOTECH, 2018-09-10 00:00:00, 18.56125985213812
3IINFOTECH, 2018-09-11 00:00:00, 18.55975506584717
3IINFOTECH, 2018-09-12 00:00:00, 18.55440988520982
3IINFOTECH, 2018-09-14 00:00:00, 18.55990015960998
3IINFOTECH, 2018-09-17 00:00:00, 18.56684770696249
3IINFOTECH, 2018-09-18 00:00:00, 18.604623232756694
3IINFOTECH, 2018-09-19 00:00:00, 18.603744877621978
3IINFOTECH, 2018-09-21 00:00:00, 18.589304573253358
3IINFOTECH, 2018-09-24 00:00:00, 18.59871422614208
3IINFOTECH, 2018-09-25 00:00:00, 18.591254228028262
3IINFOTECH, 2018-09-26 00:00:00, 18.588251343660005
3IINFOTECH, 2018-09-27 00:00:00, 18.586731465402693
3IINFOTECH, 2018-09-28 00:00:00, 18.584496023461682
3IINFOTECH, 2018-10-01 00:00:00, 18.580765702195592
3IINFOTECH, 2018-10-03 00:00:00, 18.587126956490195
3IINFOTECH, 2018-10-04 00:00:00, 18.584938579703746
3IINFOTECH, 2018-10-05 00:00:00, 18.583475074803715
3IINFOTECH, 2018-10-08 00:00:00, 18.586157976346442
3IINFOTECH, 2018-10-09 00:00:00, 18.603591999504374
3IINFOTECH, 2018-10-10 00:00:00, 18.597901773722143
3IINFOTECH, 2018-10-11 00:00:00, 18.59364375054122
3IINFOTECH, 2018-10-12 00:00:00, 18.61018778927553
3IINFOTECH, 2018-10-15 00:00:00, 18.61184705845939
3IINFOTECH, 2018-10-16 00:00:00, 18.608291551632448
3IINFOTECH, 2018-10-17 00:00:00, 18.60680438810651
3IINFOTECH, 2018-10-19 00:00:00, 18.603861425026196
3IINFOTECH, 2018-10-22 00:00:00, 18.605544627503164
3IINFOTECH, 2018-10-23 00:00:00, 18.602097172120224
3IINFOTECH, 2018-10-24 00:00:00, 18.601995818245925
3IINFOTECH, 2018-10-25 00:00:00, 18.600570876189877
3IINFOTECH, 2018-10-26 00:00:00, 18.597176624469924
3IINFOTECH, 2018-10-29 00:00:00, 18.60149916655594
3IINFOTECH, 2018-10-30 00:00:00, 18.619000447386327
3IINFOTECH, 2018-10-31 00:00:00, 18.624048903883434
3IINFOTECH, 2018-11-01 00:00:00, 18.619987711097934
3IINFOTECH, 2018-11-02 00:00:00, 18.621122651878807
3IINFOTECH, 2018-11-05 00:00:00, 18.627685044179785
3IINFOTECH, 2018-11-06 00:00:00, 18.626228411475836
3IINFOTECH, 2018-11-07 00:00:00, 18.627961825470493
3IINFOTECH, 2018-11-09 00:00:00, 18.62886722149959
3IINFOTECH, 2018-11-12 00:00:00, 18.635215232853028
3IINFOTECH, 2018-11-13 00:00:00, 18.635014966488967
3IINFOTECH, 2018-11-14 00:00:00, 18.636061256714342
3IINFOTECH, 2018-11-15 00:00:00, 18.66632429983096
3IINFOTECH, 2018-11-16 00:00:00, 18.67596523868272
3IINFOTECH, 2018-11-19 00:00:00, 18.69594584181135
3IINFOTECH, 2018-11-20 00:00:00, 18.707868657944744
3IINFOTECH, 2018-11-21 00:00:00, 18.706218966830377
3IINFOTECH, 2018-11-22 00:00:00, 18.685021542549862
3IINFOTECH, 2018-11-26 00:00:00, 18.681831989724344
3IINFOTECH, 2018-11-27 00:00:00, 18.680896589610995
3IINFOTECH, 2018-11-28 00:00:00, 18.674576031668977
3IINFOTECH, 2018-11-29 00:00:00, 18.681432469791318
3IINFOTECH, 2018-11-30 00:00:00, 18.6769338313904
3IINFOTECH, 2018-12-03 00:00:00, 18.681894794601405
3IINFOTECH, 2018-12-04 00:00:00, 18.682155821413218
3IINFOTECH, 2018-12-05 00:00:00, 18.680654755145426
3IINFOTECH, 2018-12-06 00:00:00, 18.675068875802054
3IINFOTECH, 2018-12-07 00:00:00, 18.67593051151026
3IINFOTECH, 2018-12-10 00:00:00, 18.67270644546703
3IINFOTECH, 2018-12-11 00:00:00, 18.67932773380528
3IINFOTECH, 2018-12-12 00:00:00, 18.6847649364923
3IINFOTECH, 2018-12-13 00:00:00, 18.685584468966724
3IINFOTECH, 2018-12-14 00:00:00, 18.683540143216902
3IINFOTECH, 2018-12-17 00:00:00, 18.68484710022642
3IINFOTECH, 2018-12-18 00:00:00, 18.68282832884063
3IINFOTECH, 2018-12-19 00:00:00, 18.687021667334875
3IINFOTECH, 2018-12-20 00:00:00, 18.686694229260752
3IINFOTECH, 2018-12-21 00:00:00, 18.68468695124362
3IINFOTECH, 2018-12-24 00:00:00, 18.68484710022642
3IINFOTECH, 2018-12-26 00:00:00, 18.682004975319586
3IINFOTECH, 2018-12-27 00:00:00, 18.6872096166488
3IINFOTECH, 2018-12-28 00:00:00, 18.68963819930792
3IINFOTECH, 2018-12-31 00:00:00, 18.692481999082858
3MINDIA, 2018-01-18 00:00:00, 89.3643333080306
3MINDIA, 2018-01-19 00:00:00, 9.948000932369382
3MINDIA, 2018-01-22 00:00:00, 10.16586509804894
3MINDIA, 2018-01-23 00:00:00, 10.347271977483572
3MINDIA, 2018-01-24 00:00:00, 10.38050563874431
3MINDIA, 2018-01-25 00:00:00, 10.398031150495584
3MINDIA, 2018-01-29 00:00:00, 10.482299184232062
3MINDIA, 2018-01-30 00:00:00, 10.436394445599788
3MINDIA, 2018-01-31 00:00:00, 10.428161128471984
3MINDIA, 2018-02-01 00:00:00, 10.57780400915668
3MINDIA, 2018-02-02 00:00:00, 10.515132216514687
3MINDIA, 2018-02-05 00:00:00, 10.49898208987706
3MINDIA, 2018-02-06 00:00:00, 10.357603590573774
3MINDIA, 2018-02-07 00:00:00, 10.384051893389639
3MINDIA, 2018-02-08 00:00:00, 10.429701865842702
3MINDIA, 2018-02-09 00:00:00, 10.409233437120278
3MINDIA, 2018-02-12 00:00:00, 15.93474514117787
3MINDIA, 2018-02-14 00:00:00, 14.69182985846949
3MINDIA, 2018-02-15 00:00:00, 13.523447216313699
3MINDIA, 2018-02-16 00:00:00, 12.335770242505575
3MINDIA, 2018-02-19 00:00:00, 12.964669995543105
3MINDIA, 2018-02-20 00:00:00, 13.23336632380483
3MINDIA, 2018-02-21 00:00:00, 12.914410206835939
3MINDIA, 2018-02-22 00:00:00, 12.976795433620495
3MINDIA, 2018-02-23 00:00:00, 13.025969505000532
3MINDIA, 2018-02-26 00:00:00, 12.922940328481246
3MINDIA, 2018-02-27 00:00:00, 12.531687869533542
3MINDIA, 2018-02-28 00:00:00, 12.63833328549805
3MINDIA, 2018-03-01 00:00:00, 13.27248628377852
3MINDIA, 2018-03-05 00:00:00, 12.865340144586682
3MINDIA, 2018-03-06 00:00:00, 12.650100423377381
3MINDIA, 2018-03-07 00:00:00, 12.343673609000646
3MINDIA, 2018-03-08 00:00:00, 11.966083360483779
3MINDIA, 2018-03-09 00:00:00, 11.882631257676948
3MINDIA, 2018-03-12 00:00:00, 11.772156044381802
3MINDIA, 2018-03-13 00:00:00, 11.749595380936967
3MINDIA, 2018-03-14 00:00:00, 11.662651917377573
3MINDIA, 2018-03-15 00:00:00, 11.545461996586809
3MINDIA, 2018-03-16 00:00:00, 11.316497855830264
3MINDIA, 2018-03-19 00:00:00, 11.114611575601074
3MINDIA, 2018-03-20 00:00:00, 11.014329935058484
3MINDIA, 2018-03-21 00:00:00, 10.967601310672052
3MINDIA, 2018-03-22 00:00:00, 10.919884153289146
3MINDIA, 2018-03-23 00:00:00, 10.599008252688023
3MINDIA, 2018-03-26 00:00:00, 10.594567470622664
3MINDIA, 2018-03-27 00:00:00, 10.597480949103698
3MINDIA, 2018-03-28 00:00:00, 10.637500479533088
3MINDIA, 2018-04-02 00:00:00, 11.290363750101122
3MINDIA, 2018-04-03 00:00:00, 11.418201346597044
3MINDIA, 2018-04-04 00:00:00, 11.787377206308818
3MINDIA, 2018-04-05 00:00:00, 11.860984916828045
3MINDIA, 2018-04-06 00:00:00, 11.966549017858739
3MINDIA, 2018-04-09 00:00:00, 11.87809783941934
3MINDIA, 2018-04-10 00:00:00, 11.837041709676853
3MINDIA, 2018-04-11 00:00:00, 11.762783524158976
3MINDIA, 2018-04-12 00:00:00, 11.762439060788765
3MINDIA, 2018-04-13 00:00:00, 11.949915815319642
3MINDIA, 2018-04-16 00:00:00, 11.687212578201084
3MINDIA, 2018-04-17 00:00:00, 11.740939195986542
3MINDIA, 2018-04-18 00:00:00, 11.722881657024658
3MINDIA, 2018-04-19 00:00:00, 11.676825747039615
3MINDIA, 2018-04-20 00:00:00, 11.603581348893144
3MINDIA, 2018-04-23 00:00:00, 11.603241334607887
3MINDIA, 2018-04-24 00:00:00, 11.558289604998706
3MINDIA, 2018-04-25 00:00:00, 11.51442706329486
3MINDIA, 2018-04-26 00:00:00, 11.517227235799197
3MINDIA, 2018-04-27 00:00:00, 11.489606251763377
3MINDIA, 2018-04-30 00:00:00, 11.529170056243842
3MINDIA, 2018-05-02 00:00:00, 11.543459385054021
3MINDIA, 2018-05-03 00:00:00, 11.513975518348744
3MINDIA, 2018-05-04 00:00:00, 11.47126138179189
3MINDIA, 2018-05-07 00:00:00, 11.372492788876343
3MINDIA, 2018-05-08 00:00:00, 11.512573094565454
3MINDIA, 2018-05-09 00:00:00, 11.495943344311371
3MINDIA, 2018-05-10 00:00:00, 11.406451918929832
3MINDIA, 2018-05-11 00:00:00, 11.388590811784525
3MINDIA, 2018-05-14 00:00:00, 11.40635799498969
3MINDIA, 2018-05-15 00:00:00, 11.34003960542482
3MINDIA, 2018-05-16 00:00:00, 11.245405681903193
3MINDIA, 2018-05-17 00:00:00, 11.130676653652927
3MINDIA, 2018-05-18 00:00:00, 11.088578776219151
3MINDIA, 2018-05-21 00:00:00, 10.710712013807708
3MINDIA, 2018-05-22 00:00:00, 10.64149708916247
3MINDIA, 2018-05-23 00:00:00, 10.752097724844091
3MINDIA, 2018-05-24 00:00:00, 11.023831014147888
3MINDIA, 2018-05-25 00:00:00, 11.137865333411241
3MINDIA, 2018-05-28 00:00:00, 11.002315181810445
3MINDIA, 2018-05-29 00:00:00, 11.012579337767676
3MINDIA, 2018-05-30 00:00:00, 11.026099528668539
3MINDIA, 2018-05-31 00:00:00, 10.82057112830536
3MINDIA, 2018-06-01 00:00:00, 10.633501768103912
3MINDIA, 2018-06-04 00:00:00, 10.609577625341444
3MINDIA, 2018-06-05 00:00:00, 10.58371909411666
3MINDIA, 2018-06-06 00:00:00, 10.572663490228166
3MINDIA, 2018-06-07 00:00:00, 10.57851755884397
3MINDIA, 2018-06-08 00:00:00, 10.590704759937694
3MINDIA, 2018-06-11 00:00:00, 10.614378355486565
3MINDIA, 2018-06-12 00:00:00, 10.607942499245297
3MINDIA, 2018-06-13 00:00:00, 10.619098473694763
3MINDIA, 2018-06-14 00:00:00, 10.666383090356987
3MINDIA, 2018-06-15 00:00:00, 10.72293919504365
3MINDIA, 2018-06-18 00:00:00, 10.709932327705289
3MINDIA, 2018-06-19 00:00:00, 10.640420734078177
3MINDIA, 2018-06-20 00:00:00, 10.809767344206819
3MINDIA, 2018-06-21 00:00:00, 10.971049883871558
3MINDIA, 2018-06-22 00:00:00, 10.915396137467056
3MINDIA, 2018-06-25 00:00:00, 10.950165872349302
3MINDIA, 2018-06-26 00:00:00, 10.913294832225105
3MINDIA, 2018-06-27 00:00:00, 10.805216455195179
3MINDIA, 2018-06-28 00:00:00, 10.625862244104383
3MINDIA, 2018-06-29 00:00:00, 10.770031281020536
3MINDIA, 2018-07-02 00:00:00, 10.820021151351284
3MINDIA, 2018-07-03 00:00:00, 10.774770377868734
3MINDIA, 2018-07-04 00:00:00, 10.740704375176321
3MINDIA, 2018-07-05 00:00:00, 10.756912398320537
3MINDIA, 2018-07-06 00:00:00, 10.85057483751416
3MINDIA, 2018-07-09 00:00:00, 10.856856436760054
3MINDIA, 2018-07-10 00:00:00, 10.946107594958107
3MINDIA, 2018-07-11 00:00:00, 10.902317739729753
3MINDIA, 2018-07-12 00:00:00, 10.890316878291273
3MINDIA, 2018-07-13 00:00:00, 10.890443504860286
3MINDIA, 2018-07-16 00:00:00, 10.849871220353506
3MINDIA, 2018-07-17 00:00:00, 10.927466880976652
3MINDIA, 2018-07-18 00:00:00, 11.15924376185825
3MINDIA, 2018-07-19 00:00:00, 11.461452681156004
3MINDIA, 2018-07-20 00:00:00, 12.139056578537236
3MINDIA, 2018-07-23 00:00:00, 12.255525814223986
3MINDIA, 2018-07-24 00:00:00, 12.571616875094463
3MINDIA, 2018-07-25 00:00:00, 12.670364484108873
3MINDIA, 2018-07-26 00:00:00, 12.58242501400305
3MINDIA, 2018-07-27 00:00:00, 12.524249876983717
3MINDIA, 2018-07-30 00:00:00, 12.273095159703814
3MINDIA, 2018-07-31 00:00:00, 12.38851692395643
3MINDIA, 2018-08-01 00:00:00, 12.384586610473448
3MINDIA, 2018-08-02 00:00:00, 12.374480100733194
3MINDIA, 2018-08-03 00:00:00, 12.489106801137396
3MINDIA, 2018-08-06 00:00:00, 12.606185179067225
3MINDIA, 2018-08-07 00:00:00, 12.559385514725477
3MINDIA, 2018-08-08 00:00:00, 12.51756210973781
3MINDIA, 2018-08-09 00:00:00, 12.61879737708837
3MINDIA, 2018-08-10 00:00:00, 12.714921890943245
3MINDIA, 2018-08-13 00:00:00, 12.976113189556926
3MINDIA, 2018-08-14 00:00:00, 12.968004493593966
3MINDIA, 2018-08-16 00:00:00, 12.98217728100424
3MINDIA, 2018-08-17 00:00:00, 13.055457805718348
3MINDIA, 2018-08-20 00:00:00, 13.189584151090699
3MINDIA, 2018-08-21 00:00:00, 13.157504802916776
3MINDIA, 2018-08-23 00:00:00, 13.157502075752618
3MINDIA, 2018-08-24 00:00:00, 13.026886928522401
3MINDIA, 2018-08-27 00:00:00, 13.060538480998076
3MINDIA, 2018-08-28 00:00:00, 13.05755994914307
3MINDIA, 2018-08-29 00:00:00, 13.02307730067595
3MINDIA, 2018-08-30 00:00:00, 13.10973028927556
3MINDIA, 2018-08-31 00:00:00, 13.097943653645828
3MINDIA, 2018-09-03 00:00:00, 13.192999072873675
3MINDIA, 2018-09-04 00:00:00, 12.886291375378292
3MINDIA, 2018-09-05 00:00:00, 12.807447513524167
3MINDIA, 2018-09-06 00:00:00, 12.901363505088042
3MINDIA, 2018-09-07 00:00:00, 12.87334324169457
3MINDIA, 2018-09-10 00:00:00, 12.785679619297127
3MINDIA, 2018-09-11 00:00:00, 12.736830990739904
3MINDIA, 2018-09-12 00:00:00, 12.693008690548652
3MINDIA, 2018-09-14 00:00:00, 12.75205113865998
3MINDIA, 2018-09-17 00:00:00, 12.584774994823476
3MINDIA, 2018-09-18 00:00:00, 12.776264208009493
3MINDIA, 2018-09-19 00:00:00, 12.467355284778364
3MINDIA, 2018-09-21 00:00:00, 12.337771034443549
3MINDIA, 2018-09-24 00:00:00, 12.072484917668689
3MINDIA, 2018-09-25 00:00:00, 11.858956720255378
3MINDIA, 2018-09-26 00:00:00, 11.93038227709134
3MINDIA, 2018-09-27 00:00:00, 11.882165282434798
3MINDIA, 2018-09-28 00:00:00, 11.75099905922292
3MINDIA, 2018-10-01 00:00:00, 11.776586561789486
3MINDIA, 2018-10-03 00:00:00, 11.801639581047013
3MINDIA, 2018-10-04 00:00:00, 11.487905266971268
3MINDIA, 2018-10-05 00:00:00, 11.542241694375377
3MINDIA, 2018-10-08 00:00:00, 11.370286582403423
3MINDIA, 2018-10-09 00:00:00, 11.348467827057704
3MINDIA, 2018-10-10 00:00:00, 11.534328980989216
3MINDIA, 2018-10-11 00:00:00, 11.498704193530898
3MINDIA, 2018-10-12 00:00:00, 11.65640078452607
3MINDIA, 2018-10-15 00:00:00, 11.701325026905707
3MINDIA, 2018-10-16 00:00:00, 11.6904676655016
3MINDIA, 2018-10-17 00:00:00, 11.546628965119567
3MINDIA, 2018-10-19 00:00:00, 11.421630954914974
3MINDIA, 2018-10-22 00:00:00, 11.225819936541285
3MINDIA, 2018-10-23 00:00:00, 10.769812625461839
3MINDIA, 2018-10-24 00:00:00, 10.793060127521926
3MINDIA, 2018-10-25 00:00:00, 10.734083479985898
3MINDIA, 2018-10-26 00:00:00, 10.679752212038153
3MINDIA, 2018-10-29 00:00:00, 10.773794278516291
3MINDIA, 2018-10-30 00:00:00, 10.88793640603889
3MINDIA, 2018-10-31 00:00:00, 10.768704960423264
3MINDIA, 2018-11-01 00:00:00, 10.770098184026551
3MINDIA, 2018-11-02 00:00:00, 10.865081345695728
3MINDIA, 2018-11-05 00:00:00, 10.884292102807379
3MINDIA, 2018-11-06 00:00:00, 10.802862255100422
3MINDIA, 2018-11-07 00:00:00, 10.920363859592811
3MINDIA, 2018-11-09 00:00:00, 10.942413018092665
3MINDIA, 2018-11-12 00:00:00, 10.968598216429115
3MINDIA, 2018-11-13 00:00:00, 10.94882573733129
3MINDIA, 2018-11-14 00:00:00, 11.0298690083997
3MINDIA, 2018-11-15 00:00:00, 11.012316349007293
3MINDIA, 2018-11-16 00:00:00, 10.979263589927598
3MINDIA, 2018-11-19 00:00:00, 10.965981310823665
3MINDIA, 2018-11-20 00:00:00, 10.915716694798363
3MINDIA, 2018-11-21 00:00:00, 10.912619573825609
3MINDIA, 2018-11-22 00:00:00, 11.0707984384929
3MINDIA, 2018-11-26 00:00:00, 11.038306678060877
3MINDIA, 2018-11-27 00:00:00, 11.01661227703741
3MINDIA, 2018-11-28 00:00:00, 11.033196691858166
3MINDIA, 2018-11-29 00:00:00, 11.052365137178086
3MINDIA, 2018-11-30 00:00:00, 11.180493435692426
3MINDIA, 2018-12-03 00:00:00, 11.3683758685804
3MINDIA, 2018-12-04 00:00:00, 11.432154221356456
3MINDIA, 2018-12-05 00:00:00, 11.45798805249568
3MINDIA, 2018-12-06 00:00:00, 11.284948238086542
3MINDIA, 2018-12-07 00:00:00, 11.269581925175373
3MINDIA, 2018-12-10 00:00:00, 11.091662593518834
3MINDIA, 2018-12-11 00:00:00, 11.063359812195543
3MINDIA, 2018-12-12 00:00:00, 11.376094165820135
3MINDIA, 2018-12-13 00:00:00, 11.636480205840158
3MINDIA, 2018-12-14 00:00:00, 11.684021601097527
3MINDIA, 2018-12-17 00:00:00, 11.58367664575178
3MINDIA, 2018-12-18 00:00:00, 11.579768030781239
3MINDIA, 2018-12-19 00:00:00, 11.589353059161454
3MINDIA, 2018-12-20 00:00:00, 11.490738151722866
3MINDIA, 2018-12-21 00:00:00, 11.38006433432487
3MINDIA, 2018-12-24 00:00:00, 11.228576483957895
3MINDIA, 2018-12-26 00:00:00, 10.821677390001696
3MINDIA, 2018-12-27 00:00:00, 10.963882919175461
3MINDIA, 2018-12-28 00:00:00, 11.011926916113921
3MINDIA, 2018-12-31 00:00:00, 11.029475290529959
3PLAND, 2018-05-23 00:00:00, 17.08279378268497
3PLAND, 2018-05-24 00:00:00, 79.78906334539646
3PLAND, 2018-05-25 00:00:00, 83.24307813061338
3PLAND, 2018-05-28 00:00:00, 83.25904567926011
3PLAND, 2018-05-29 00:00:00, 82.21880262712813
3PLAND, 2018-05-30 00:00:00, 82.94934437383856
3PLAND, 2018-05-31 00:00:00, 82.51780822382402
3PLAND, 2018-06-01 00:00:00, 83.54134564990966
3PLAND, 2018-06-04 00:00:00, 81.373530970744
3PLAND, 2018-06-05 00:00:00, 83.20864454475745
3PLAND, 2018-06-06 00:00:00, 82.87618129534111
3PLAND, 2018-06-07 00:00:00, 81.66169264849718
3PLAND, 2018-06-08 00:00:00, 81.80989987728078
3PLAND, 2018-06-11 00:00:00, 83.12754753316045
3PLAND, 2018-06-12 00:00:00, 83.08020720689197
3PLAND, 2018-06-13 00:00:00, 83.20527367654948
3PLAND, 2018-06-14 00:00:00, 82.75235260466795
3PLAND, 2018-06-15 00:00:00, 83.26223553799869
3PLAND, 2018-06-18 00:00:00, 82.55757479487097
3PLAND, 2018-06-19 00:00:00, 83.16236034380158
3PLAND, 2018-06-20 00:00:00, 82.96457335215058
3PLAND, 2018-06-21 00:00:00, 83.13530479218292
3PLAND, 2018-06-22 00:00:00, 83.14755329708747
3PLAND, 2018-06-25 00:00:00, 82.34808495265315
3PLAND, 2018-06-26 00:00:00, 83.32828620544923
3PLAND, 2018-06-27 00:00:00, 82.36902416344543
3PLAND, 2018-06-28 00:00:00, 83.00302647253139
3PLAND, 2018-06-29 00:00:00, 83.03105453949527
3PLAND, 2018-07-02 00:00:00, 82.73395210982473
3PLAND, 2018-07-03 00:00:00, 82.98207196671186
3PLAND, 2018-07-04 00:00:00, 83.25355209024656
3PLAND, 2018-07-05 00:00:00, 83.27847465923087
3PLAND, 2018-07-06 00:00:00, 83.11423275910563
3PLAND, 2018-07-09 00:00:00, 83.433837267887
3PLAND, 2018-07-10 00:00:00, 83.4381091442343
3PLAND, 2018-07-11 00:00:00, 83.3531022037886
3PLAND, 2018-07-12 00:00:00, 83.16825184102423
3PLAND, 2018-07-13 00:00:00, 83.05168057833627
3PLAND, 2018-07-16 00:00:00, 83.20287168463489
3PLAND, 2018-07-17 00:00:00, 83.07413421566511
3PLAND, 2018-07-18 00:00:00, 82.79097936034393
3PLAND, 2018-07-19 00:00:00, 81.8962424051982
3PLAND, 2018-07-20 00:00:00, 82.60177611454827
3PLAND, 2018-07-23 00:00:00, 83.1307706455308
3PLAND, 2018-07-24 00:00:00, 83.00631241883717
3PLAND, 2018-07-25 00:00:00, 82.01855140656599
3PLAND, 2018-07-26 00:00:00, 82.88458068398475
3PLAND, 2018-07-27 00:00:00, 82.00816280452871
3PLAND, 2018-07-30 00:00:00, 82.9588026586357
3PLAND, 2018-07-31 00:00:00, 82.99611719268373
3PLAND, 2018-08-01 00:00:00, 83.24623817392342
3PLAND, 2018-08-02 00:00:00, 83.2217406235898
3PLAND, 2018-08-03 00:00:00, 82.7983007045154
3PLAND, 2018-08-06 00:00:00, 83.0058046378062
3PLAND, 2018-08-07 00:00:00, 82.98158609235068
3PLAND, 2018-08-08 00:00:00, 82.98668638981871
3PLAND, 2018-08-09 00:00:00, 82.23857800582729
3PLAND, 2018-08-10 00:00:00, 82.68290715223101
3PLAND, 2018-08-13 00:00:00, 82.9310096923518
3PLAND, 2018-08-14 00:00:00, 82.54704462003131
3PLAND, 2018-08-20 00:00:00, 81.92587385114291
3PLAND, 2018-08-21 00:00:00, 81.62059111755997
3PLAND, 2018-08-24 00:00:00, 81.06100277595016
3PLAND, 2018-08-28 00:00:00, 81.47159749559606
3PLAND, 2018-08-29 00:00:00, 82.02393912536692
3PLAND, 2018-08-30 00:00:00, 82.23415472012927
3PLAND, 2018-08-31 00:00:00, 81.54043073593357
3PLAND, 2018-09-03 00:00:00, 81.19936948466884
3PLAND, 2018-09-04 00:00:00, 81.36121627743971
3PLAND, 2018-09-06 00:00:00, 81.92156436450477
3PLAND, 2018-09-07 00:00:00, 82.22429919301297
3PLAND, 2018-09-10 00:00:00, 82.11651786355606
3PLAND, 2018-09-11 00:00:00, 81.55423470952746
3PLAND, 2018-09-12 00:00:00, 81.36485859429922
3PLAND, 2018-09-18 00:00:00, 81.99814741526042
3PLAND, 2018-09-19 00:00:00, 81.72726647329526
3PLAND, 2018-09-21 00:00:00, 81.02634276050053
3PLAND, 2018-09-24 00:00:00, 81.0108401850784
3PLAND, 2018-09-25 00:00:00, 81.00581747495895
3PLAND, 2018-09-26 00:00:00, 80.9741298800987
3PLAND, 2018-09-28 00:00:00, 80.99995501750217
3PLAND, 2018-10-04 00:00:00, 80.94671449812307
3PLAND, 2018-10-12 00:00:00, 81.16314571106483
3PLAND, 2018-10-15 00:00:00, 81.52855248485672
3PLAND, 2018-10-25 00:00:00, 81.25423315962489
3PLAND, 2018-10-26 00:00:00, 81.66699229040795
3PLAND, 2018-10-30 00:00:00, 81.35073337992858
3PLAND, 2018-10-31 00:00:00, 81.38101282669524
3PLAND, 2018-11-01 00:00:00, 81.6715141216893
3PLAND, 2018-11-02 00:00:00, 81.39758469057955
3PLAND, 2018-11-06 00:00:00, 81.4296784463464
3PLAND, 2018-11-07 00:00:00, 81.82360146909235
3PLAND, 2018-11-09 00:00:00, 82.14333446593866
3PLAND, 2018-11-12 00:00:00, 82.68505460696001
3PLAND, 2018-11-13 00:00:00, 82.27653021294171
3PLAND, 2018-11-15 00:00:00, 82.55068937654954
3PLAND, 2018-11-16 00:00:00, 82.55255113657549
3PLAND, 2018-11-19 00:00:00, 82.55802463603612
3PLAND, 2018-11-26 00:00:00, 82.18080653222427
3PLAND, 2018-11-27 00:00:00, 81.80043720605678
3PLAND, 2018-11-28 00:00:00, 81.45859219601252
3PLAND, 2018-11-29 00:00:00, 81.12902692602118
3PLAND, 2018-12-04 00:00:00, 82.1459310190442
3PLAND, 2018-12-10 00:00:00, 81.80561907084063
3PLAND, 2018-12-11 00:00:00, 81.67358383042142
3PLAND, 2018-12-12 00:00:00, 81.86899761693147
3PLAND, 2018-12-13 00:00:00, 81.96850121641211
3PLAND, 2018-12-14 00:00:00, 81.61962355373417
3PLAND, 2018-12-17 00:00:00, 81.63650735328223
3PLAND, 2018-12-18 00:00:00, 81.80940418202158
3PLAND, 2018-12-19 00:00:00, 81.99886519643796
3PLAND, 2018-12-20 00:00:00, 81.57308326069942
3PLAND, 2018-12-24 00:00:00, 81.53408078394824
3PLAND, 2018-12-26 00:00:00, 82.30760794596607
3PLAND, 2018-12-27 00:00:00, 81.95688179499177
3PLAND, 2018-12-28 00:00:00, 82.11686402086927
3PLAND, 2018-12-31 00:00:00, 82.20399555685768
5PAISA, 2018-01-18 00:00:00, 99.00485998956361
5PAISA, 2018-01-19 00:00:00, 0.9597940023281666
5PAISA, 2018-01-22 00:00:00, 0.963562060800129
5PAISA, 2018-01-23 00:00:00, 0.9596730172450378
5PAISA, 2018-01-24 00:00:00, 0.957257309262971
5PAISA, 2018-01-25 00:00:00, 0.9544136161039205
5PAISA, 2018-01-29 00:00:00, 0.9614875205834466
5PAISA, 2018-01-30 00:00:00, 0.9587630819904405
5PAISA, 2018-01-31 00:00:00, 0.9531182540560224
5PAISA, 2018-02-01 00:00:00, 0.9599830166695398
5PAISA, 2018-02-02 00:00:00, 0.9582136983947009
5PAISA, 2018-02-05 00:00:00, 0.9534535086505684
5PAISA, 2018-02-06 00:00:00, 0.9511507219099258
5PAISA, 2018-02-07 00:00:00, 0.956418116128475
5PAISA, 2018-02-08 00:00:00, 0.958486488782583
5PAISA, 2018-02-09 00:00:00, 0.9585633583861863
5PAISA, 2018-02-12 00:00:00, 0.9668731039978837
5PAISA, 2018-02-14 00:00:00, 0.9706420929382489
5PAISA, 2018-02-15 00:00:00, 0.9794076020369573
5PAISA, 2018-02-16 00:00:00, 0.9859480179889317
5PAISA, 2018-02-19 00:00:00, 0.9843825155646897
5PAISA, 2018-02-20 00:00:00, 0.9833399280068278
5PAISA, 2018-02-21 00:00:00, 0.987772836945993
5PAISA, 2018-02-22 00:00:00, 1.0058962192189966
5PAISA, 2018-02-23 00:00:00, 1.0594460579648484
5PAISA, 2018-02-26 00:00:00, 1.4560226749258192
5PAISA, 2018-02-27 00:00:00, 0.9939862817129494
5PAISA, 2018-02-28 00:00:00, 0.9913208468503143
5PAISA, 2018-03-01 00:00:00, 0.9895216404297997
5PAISA, 2018-03-05 00:00:00, 0.9894408342205594
5PAISA, 2018-03-06 00:00:00, 0.9883175551781846
5PAISA, 2018-03-07 00:00:00, 0.9845445814479206
5PAISA, 2018-03-08 00:00:00, 0.9800036959514529
5PAISA, 2018-03-09 00:00:00, 0.9829496206055239
5PAISA, 2018-03-12 00:00:00, 0.9844690871066746
5PAISA, 2018-03-13 00:00:00, 0.9876053198595542
5PAISA, 2018-03-14 00:00:00, 0.9880145189667076
5PAISA, 2018-03-15 00:00:00, 0.9916120367349208
5PAISA, 2018-03-16 00:00:00, 0.9905169353737762
5PAISA, 2018-03-19 00:00:00, 0.9935455333263548
5PAISA, 2018-03-20 00:00:00, 0.9924036876998485
5PAISA, 2018-03-21 00:00:00, 0.9928608446424789
5PAISA, 2018-03-22 00:00:00, 0.9919197354874569
5PAISA, 2018-03-23 00:00:00, 0.9896730019804494
5PAISA, 2018-03-26 00:00:00, 0.9886530988641624
5PAISA, 2018-03-27 00:00:00, 0.9890281245444044
5PAISA, 2018-03-28 00:00:00, 0.9910883067769731
5PAISA, 2018-04-02 00:00:00, 0.9907052298692491
5PAISA, 2018-04-03 00:00:00, 0.99095258153163
5PAISA, 2018-04-04 00:00:00, 0.9917542143254963
5PAISA, 2018-04-05 00:00:00, 0.9919492109477375
5PAISA, 2018-04-06 00:00:00, 0.991161923865846
5PAISA, 2018-04-09 00:00:00, 0.9911546959126412
5PAISA, 2018-04-10 00:00:00, 0.9904664836018071
5PAISA, 2018-04-11 00:00:00, 0.9897283714151968
5PAISA, 2018-04-12 00:00:00, 0.9897869930176029
5PAISA, 2018-04-13 00:00:00, 0.9908024600386085
5PAISA, 2018-04-16 00:00:00, 0.9923993269268863
5PAISA, 2018-04-17 00:00:00, 0.9949997218007667
5PAISA, 2018-04-18 00:00:00, 0.9942745743478412
5PAISA, 2018-04-19 00:00:00, 0.9916474210860429
5PAISA, 2018-04-20 00:00:00, 0.99059159402006
5PAISA, 2018-04-23 00:00:00, 0.9938671622844311
5PAISA, 2018-04-24 00:00:00, 1.09516261876513
5PAISA, 2018-04-25 00:00:00, 1.167214151622261
5PAISA, 2018-04-26 00:00:00, 0.9949602457900681
5PAISA, 2018-04-27 00:00:00, 1.2984776183204048
5PAISA, 2018-04-30 00:00:00, 1.5368348569832762
5PAISA, 2018-05-02 00:00:00, 1.8839514750270325
5PAISA, 2018-05-03 00:00:00, 2.178861269428239
5PAISA, 2018-05-04 00:00:00, 2.45329639928768
5PAISA, 2018-05-07 00:00:00, 2.6867071096888395
5PAISA, 2018-05-08 00:00:00, 2.810727002116664
5PAISA, 2018-05-09 00:00:00, 2.4876229708834785
5PAISA, 2018-05-10 00:00:00, 2.4792123172333476
5PAISA, 2018-05-11 00:00:00, 2.556656590538168
5PAISA, 2018-05-14 00:00:00, 2.4780296112778473
5PAISA, 2018-05-15 00:00:00, 2.273720394221513
5PAISA, 2018-05-16 00:00:00, 2.060482140365565
5PAISA, 2018-05-17 00:00:00, 1.9554995104126505
5PAISA, 2018-05-18 00:00:00, 1.680796116290196
5PAISA, 2018-05-21 00:00:00, 1.4163580323642009
5PAISA, 2018-05-22 00:00:00, 1.280851645164347
5PAISA, 2018-05-23 00:00:00, 1.1948791673498107
5PAISA, 2018-05-24 00:00:00, 1.0609654365046737
5PAISA, 2018-05-25 00:00:00, 1.0760241060518325
5PAISA, 2018-05-28 00:00:00, 1.2465112616655176
5PAISA, 2018-05-29 00:00:00, 1.4989105826583824
5PAISA, 2018-05-30 00:00:00, 1.758228995726327
5PAISA, 2018-05-31 00:00:00, 1.729126918616359
5PAISA, 2018-06-01 00:00:00, 1.3300397942266926
5PAISA, 2018-06-04 00:00:00, 1.0622346066161015
5PAISA, 2018-06-05 00:00:00, 0.9939350396623752
5PAISA, 2018-06-06 00:00:00, 0.994654257567305
5PAISA, 2018-06-07 00:00:00, 1.242776429684639
5PAISA, 2018-06-08 00:00:00, 1.2960704117703727
5PAISA, 2018-06-11 00:00:00, 1.2229185939210652
5PAISA, 2018-06-12 00:00:00, 1.300397742239113
5PAISA, 2018-06-13 00:00:00, 1.3529634855688926
5PAISA, 2018-06-14 00:00:00, 1.1759158246277224
5PAISA, 2018-06-15 00:00:00, 1.190292783895842
5PAISA, 2018-06-18 00:00:00, 1.1709771510260936
5PAISA, 2018-06-19 00:00:00, 1.0019730093821408
5PAISA, 2018-06-20 00:00:00, 0.9950429313155098
5PAISA, 2018-06-21 00:00:00, 0.9945855899287182
5PAISA, 2018-06-22 00:00:00, 0.9943960887715235
5PAISA, 2018-06-25 00:00:00, 0.9938813122801093
5PAISA, 2018-06-26 00:00:00, 0.9939419110073544
5PAISA, 2018-06-27 00:00:00, 0.9925817461243724
5PAISA, 2018-06-28 00:00:00, 0.9913507289939218
5PAISA, 2018-06-29 00:00:00, 0.9910280203300346
5PAISA, 2018-07-02 00:00:00, 0.9904504688998372
5PAISA, 2018-07-03 00:00:00, 0.9900019691825861
5PAISA, 2018-07-04 00:00:00, 0.9892245333496845
5PAISA, 2018-07-05 00:00:00, 0.9879819975913051
5PAISA, 2018-07-06 00:00:00, 0.9870196217549108
5PAISA, 2018-07-09 00:00:00, 0.9879016080439555
5PAISA, 2018-07-10 00:00:00, 0.9895971384302129
5PAISA, 2018-07-11 00:00:00, 0.9907476251984235
5PAISA, 2018-07-12 00:00:00, 0.9923272351940398
5PAISA, 2018-07-13 00:00:00, 0.9924763523480351
5PAISA, 2018-07-16 00:00:00, 0.9923623940381816
5PAISA, 2018-07-17 00:00:00, 0.9916911621725859
5PAISA, 2018-07-18 00:00:00, 0.9915848133323948
5PAISA, 2018-07-19 00:00:00, 0.9897815652956865
5PAISA, 2018-07-20 00:00:00, 0.9892415209967425
5PAISA, 2018-07-23 00:00:00, 0.9897814009574404
5PAISA, 2018-07-24 00:00:00, 0.9903690226046393
5PAISA, 2018-07-25 00:00:00, 0.9920327594034433
5PAISA, 2018-07-26 00:00:00, 0.9930296359027864
5PAISA, 2018-07-27 00:00:00, 0.9932702054704521
5PAISA, 2018-07-30 00:00:00, 0.9930310470183485
5PAISA, 2018-07-31 00:00:00, 0.9939851984276373
5PAISA, 2018-08-01 00:00:00, 0.9946269516166808
5PAISA, 2018-08-02 00:00:00, 0.9947629289066953
5PAISA, 2018-08-03 00:00:00, 1.026497381960226
5PAISA, 2018-08-06 00:00:00, 1.0728289175862358
5PAISA, 2018-08-07 00:00:00, 1.0984989268364558
5PAISA, 2018-08-08 00:00:00, 1.2258033646171214
5PAISA, 2018-08-09 00:00:00, 1.1789354526900695
5PAISA, 2018-08-10 00:00:00, 1.1728987630058612
5PAISA, 2018-08-13 00:00:00, 1.1433831504932073
5PAISA, 2018-08-14 00:00:00, 1.1588744439545593
5PAISA, 2018-08-16 00:00:00, 1.1544233306297684
5PAISA, 2018-08-17 00:00:00, 1.1555402704408095
5PAISA, 2018-08-20 00:00:00, 1.1487883206735887
5PAISA, 2018-08-21 00:00:00, 1.0787590908556837
5PAISA, 2018-08-23 00:00:00, 0.9930593406137973
5PAISA, 2018-08-24 00:00:00, 0.9925304508328878
5PAISA, 2018-08-27 00:00:00, 0.9927422114873679
5PAISA, 2018-08-28 00:00:00, 0.9927778992373391
5PAISA, 2018-08-29 00:00:00, 0.9915744678969531
5PAISA, 2018-08-30 00:00:00, 0.9906694772534621
5PAISA, 2018-08-31 00:00:00, 0.9910690654520948
5PAISA, 2018-09-03 00:00:00, 0.9907604876891156
5PAISA, 2018-09-04 00:00:00, 0.9899683682345568
5PAISA, 2018-09-05 00:00:00, 0.9895039819571707
5PAISA, 2018-09-06 00:00:00, 0.9902603674965746
5PAISA, 2018-09-07 00:00:00, 0.9902524596021038
5PAISA, 2018-09-10 00:00:00, 0.9903631101406063
5PAISA, 2018-09-11 00:00:00, 0.989842552680642
5PAISA, 2018-09-12 00:00:00, 0.9895518212160965
5PAISA, 2018-09-14 00:00:00, 0.9900171888210423
5PAISA, 2018-09-17 00:00:00, 0.9894271424776377
5PAISA, 2018-09-18 00:00:00, 0.9897828865463083
5PAISA, 2018-09-19 00:00:00, 0.9893463339013095
5PAISA, 2018-09-21 00:00:00, 0.9884203629901549
5PAISA, 2018-09-24 00:00:00, 0.9883772467934477
5PAISA, 2018-09-25 00:00:00, 0.9866237160004943
5PAISA, 2018-09-26 00:00:00, 0.9869360496572597
5PAISA, 2018-09-27 00:00:00, 0.9868290290409618
5PAISA, 2018-09-28 00:00:00, 0.9858221452210216
5PAISA, 2018-10-01 00:00:00, 0.9854575416553075
5PAISA, 2018-10-03 00:00:00, 0.9848969918286059
5PAISA, 2018-10-04 00:00:00, 0.9844942435328505
5PAISA, 2018-10-05 00:00:00, 0.9844495976030174
5PAISA, 2018-10-08 00:00:00, 0.9848210539208964
5PAISA, 2018-10-09 00:00:00, 0.9850281176759381
5PAISA, 2018-10-10 00:00:00, 0.9848034034869642
5PAISA, 2018-10-11 00:00:00, 0.9844517848922436
5PAISA, 2018-10-12 00:00:00, 0.984768490781704
5PAISA, 2018-10-15 00:00:00, 0.9850732852339235
5PAISA, 2018-10-16 00:00:00, 0.9855023960325298
5PAISA, 2018-10-17 00:00:00, 0.9856240675852632
5PAISA, 2018-10-19 00:00:00, 0.9848432628227926
5PAISA, 2018-10-22 00:00:00, 0.9844175287199874
5PAISA, 2018-10-23 00:00:00, 0.9838100938836902
5PAISA, 2018-10-24 00:00:00, 0.9836694893601532
5PAISA, 2018-10-25 00:00:00, 0.9839959754356329
5PAISA, 2018-10-26 00:00:00, 0.9840061741063835
5PAISA, 2018-10-29 00:00:00, 0.9840923420044589
5PAISA, 2018-10-30 00:00:00, 0.9841684609736348
5PAISA, 2018-10-31 00:00:00, 0.9841925627087704
5PAISA, 2018-11-01 00:00:00, 0.9842824582343042
5PAISA, 2018-11-02 00:00:00, 0.9845923586191248
5PAISA, 2018-11-05 00:00:00, 0.9847372624234794
5PAISA, 2018-11-06 00:00:00, 0.9845407099529808
5PAISA, 2018-11-07 00:00:00, 0.9847939391335672
5PAISA, 2018-11-09 00:00:00, 0.9847878384466071
5PAISA, 2018-11-12 00:00:00, 0.9850100712517076
5PAISA, 2018-11-13 00:00:00, 0.9851312292065728
5PAISA, 2018-11-14 00:00:00, 0.9858173080766619
5PAISA, 2018-11-15 00:00:00, 0.9860232655775292
5PAISA, 2018-11-16 00:00:00, 0.9859912981683294
5PAISA, 2018-11-19 00:00:00, 0.9859740057477211
5PAISA, 2018-11-20 00:00:00, 0.9860098406648063
5PAISA, 2018-11-21 00:00:00, 0.9860372128482311
5PAISA, 2018-11-22 00:00:00, 0.9858715802369744
5PAISA, 2018-11-26 00:00:00, 0.9860151607367982
5PAISA, 2018-11-27 00:00:00, 0.9858823191360813
5PAISA, 2018-11-28 00:00:00, 0.9859783391230224
5PAISA, 2018-11-29 00:00:00, 0.9859783294016466
5PAISA, 2018-11-30 00:00:00, 0.9860355343343343
5PAISA, 2018-12-03 00:00:00, 0.9859131163726431
5PAISA, 2018-12-04 00:00:00, 0.9860453852001285
5PAISA, 2018-12-05 00:00:00, 0.9859608890052982
5PAISA, 2018-12-06 00:00:00, 0.9859509522062808
5PAISA, 2018-12-07 00:00:00, 0.9859714459414448
5PAISA, 2018-12-10 00:00:00, 0.9859813407951066
5PAISA, 2018-12-11 00:00:00, 0.9860165200969675
5PAISA, 2018-12-12 00:00:00, 0.9862533592711173
5PAISA, 2018-12-13 00:00:00, 0.9864054984697646
5PAISA, 2018-12-14 00:00:00, 0.9864972200079052
5PAISA, 2018-12-17 00:00:00, 0.9865212610098553
5PAISA, 2018-12-18 00:00:00, 0.9864780644982858
5PAISA, 2018-12-19 00:00:00, 0.9864766349281382
5PAISA, 2018-12-20 00:00:00, 0.9865368150565814
5PAISA, 2018-12-21 00:00:00, 0.9864340273564522
5PAISA, 2018-12-24 00:00:00, 0.9865569814416943
5PAISA, 2018-12-26 00:00:00, 0.9868328724644044
5PAISA, 2018-12-27 00:00:00, 0.9868577376121976
5PAISA, 2018-12-28 00:00:00, 0.9877885222301472
5PAISA, 2018-12-31 00:00:00, 0.9891530264454502
63MOONS, 2018-01-18 00:00:00, 0.0
63MOONS, 2018-01-19 00:00:00, 0.0
63MOONS, 2018-01-22 00:00:00, 0.0
63MOONS, 2018-01-23 00:00:00, 0.0
63MOONS, 2018-01-24 00:00:00, 0.0
63MOONS, 2018-01-25 00:00:00, 0.0
63MOONS, 2018-01-29 00:00:00, 0.0
63MOONS, 2018-01-30 00:00:00, 0.0
63MOONS, 2018-01-31 00:00:00, 0.0
63MOONS, 2018-02-01 00:00:00, 0.0
63MOONS, 2018-02-02 00:00:00, 0.0
63MOONS, 2018-02-05 00:00:00, 0.0
63MOONS, 2018-02-06 00:00:00, 0.0
63MOONS, 2018-02-07 00:00:00, 0.0
63MOONS, 2018-02-08 00:00:00, 0.0
63MOONS, 2018-02-09 00:00:00, 0.0
63MOONS, 2018-02-12 00:00:00, 0.0
63MOONS, 2018-02-14 00:00:00, 0.0
63MOONS, 2018-02-15 00:00:00, 0.0
63MOONS, 2018-02-16 00:00:00, 0.0
63MOONS, 2018-02-19 00:00:00, 0.0
63MOONS, 2018-02-20 00:00:00, 0.0
63MOONS, 2018-02-21 00:00:00, 0.0
63MOONS, 2018-02-22 00:00:00, 0.0
63MOONS, 2018-02-23 00:00:00, 0.0
63MOONS, 2018-02-26 00:00:00, 0.0
63MOONS, 2018-02-27 00:00:00, 0.0
63MOONS, 2018-02-28 00:00:00, 0.0
63MOONS, 2018-03-01 00:00:00, 0.0
63MOONS, 2018-03-05 00:00:00, 0.0
63MOONS, 2018-03-06 00:00:00, 0.0
63MOONS, 2018-03-07 00:00:00, 0.0
63MOONS, 2018-03-08 00:00:00, 0.0
63MOONS, 2018-03-09 00:00:00, 0.0
63MOONS, 2018-03-12 00:00:00, 0.0
63MOONS, 2018-03-13 00:00:00, 0.0
63MOONS, 2018-03-14 00:00:00, 0.0
63MOONS, 2018-03-15 00:00:00, 0.0
63MOONS, 2018-03-16 00:00:00, 0.0
63MOONS, 2018-03-19 00:00:00, 0.0
63MOONS, 2018-03-20 00:00:00, 0.0
63MOONS, 2018-03-21 00:00:00, 0.0
63MOONS, 2018-03-22 00:00:00, 0.0
63MOONS, 2018-03-23 00:00:00, 0.0
63MOONS, 2018-03-26 00:00:00, 0.0
63MOONS, 2018-03-27 00:00:00, 0.0
63MOONS, 2018-03-28 00:00:00, 0.0
63MOONS, 2018-04-02 00:00:00, 0.0
63MOONS, 2018-04-03 00:00:00, 0.0
63MOONS, 2018-04-04 00:00:00, 0.0
63MOONS, 2018-04-05 00:00:00, 0.0
63MOONS, 2018-04-06 00:00:00, 0.0
63MOONS, 2018-04-09 00:00:00, 0.0
63MOONS, 2018-04-10 00:00:00, 0.0
63MOONS, 2018-04-11 00:00:00, 0.0
63MOONS, 2018-04-12 00:00:00, 0.0
63MOONS, 2018-04-13 00:00:00, 0.0
63MOONS, 2018-04-16 00:00:00, 0.0
63MOONS, 2018-04-17 00:00:00, 0.0
63MOONS, 2018-04-18 00:00:00, 0.0
63MOONS, 2018-04-19 00:00:00, 0.0
63MOONS, 2018-04-20 00:00:00, 0.0
63MOONS, 2018-04-23 00:00:00, 0.0
63MOONS, 2018-04-24 00:00:00, 0.0
63MOONS, 2018-04-25 00:00:00, 0.0
63MOONS, 2018-04-26 00:00:00, 0.0
63MOONS, 2018-04-27 00:00:00, 0.0
63MOONS, 2018-04-30 00:00:00, 0.0
63MOONS, 2018-05-02 00:00:00, 0.0
63MOONS, 2018-05-03 00:00:00, 0.0
63MOONS, 2018-05-04 00:00:00, 0.0
63MOONS, 2018-05-07 00:00:00, 0.0
63MOONS, 2018-05-08 00:00:00, 0.0
63MOONS, 2018-05-09 00:00:00, 0.0
63MOONS, 2018-05-10 00:00:00, 0.0
63MOONS, 2018-05-11 00:00:00, 0.0
63MOONS, 2018-05-14 00:00:00, 0.0
63MOONS, 2018-05-15 00:00:00, 0.0
63MOONS, 2018-05-16 00:00:00, 0.0
63MOONS, 2018-05-17 00:00:00, 0.0
63MOONS, 2018-05-18 00:00:00, 0.0
63MOONS, 2018-05-21 00:00:00, 0.0
63MOONS, 2018-05-22 00:00:00, 0.0
63MOONS, 2018-05-23 00:00:00, 0.0
63MOONS, 2018-05-24 00:00:00, 0.0
63MOONS, 2018-05-25 00:00:00, 0.0
63MOONS, 2018-05-28 00:00:00, 0.0
63MOONS, 2018-05-29 00:00:00, 0.0
63MOONS, 2018-05-30 00:00:00, 0.0
63MOONS, 2018-05-31 00:00:00, 0.0
63MOONS, 2018-06-01 00:00:00, 0.0
63MOONS, 2018-06-04 00:00:00, 0.0
63MOONS, 2018-06-05 00:00:00, 0.0
63MOONS, 2018-06-06 00:00:00, 0.0
63MOONS, 2018-06-07 00:00:00, 0.0
63MOONS, 2018-06-08 00:00:00, 0.0
63MOONS, 2018-06-11 00:00:00, 0.0
63MOONS, 2018-06-12 00:00:00, 0.0
63MOONS, 2018-06-13 00:00:00, 0.0
63MOONS, 2018-06-14 00:00:00, 0.0
63MOONS, 2018-06-15 00:00:00, 0.0
63MOONS, 2018-06-18 00:00:00, 0.0
63MOONS, 2018-06-19 00:00:00, 0.0
63MOONS, 2018-06-20 00:00:00, 0.0
63MOONS, 2018-06-21 00:00:00, 0.0
63MOONS, 2018-06-22 00:00:00, 0.0
63MOONS, 2018-06-25 00:00:00, 0.0
63MOONS, 2018-06-26 00:00:00, 0.0
63MOONS, 2018-06-27 00:00:00, 0.0
63MOONS, 2018-06-28 00:00:00, 0.0
63MOONS, 2018-06-29 00:00:00, 0.0
63MOONS, 2018-07-02 00:00:00, 0.0
63MOONS, 2018-07-03 00:00:00, 0.0
63MOONS, 2018-07-04 00:00:00, 0.0
63MOONS, 2018-07-05 00:00:00, 0.0
63MOONS, 2018-07-06 00:00:00, 0.0
63MOONS, 2018-07-09 00:00:00, 0.0
63MOONS, 2018-07-10 00:00:00, 0.0
63MOONS, 2018-07-11 00:00:00, 0.0
63MOONS, 2018-07-12 00:00:00, 0.0
63MOONS, 2018-07-13 00:00:00, 0.0
63MOONS, 2018-07-16 00:00:00, 0.0
63MOONS, 2018-07-17 00:00:00, 0.0
63MOONS, 2018-07-18 00:00:00, 0.0
63MOONS, 2018-07-19 00:00:00, 0.0
63MOONS, 2018-07-20 00:00:00, 0.0
63MOONS, 2018-07-23 00:00:00, 0.0
63MOONS, 2018-07-24 00:00:00, 0.0
63MOONS, 2018-07-25 00:00:00, 0.0
63MOONS, 2018-07-26 00:00:00, 0.0
63MOONS, 2018-07-27 00:00:00, 0.0
63MOONS, 2018-07-30 00:00:00, 0.0
63MOONS, 2018-07-31 00:00:00, 0.0
63MOONS, 2018-08-01 00:00:00, 0.0
63MOONS, 2018-08-02 00:00:00, 0.0
63MOONS, 2018-08-03 00:00:00, 0.0
63MOONS, 2018-08-06 00:00:00, 0.0
63MOONS, 2018-08-07 00:00:00, 0.0
63MOONS, 2018-08-08 00:00:00, 0.0
63MOONS, 2018-08-09 00:00:00, 0.0
63MOONS, 2018-08-10 00:00:00, 0.0
63MOONS, 2018-08-13 00:00:00, 0.0
63MOONS, 2018-08-14 00:00:00, 0.0
63MOONS, 2018-08-16 00:00:00, 0.0
63MOONS, 2018-08-17 00:00:00, 0.0
63MOONS, 2018-08-20 00:00:00, 0.0
63MOONS, 2018-08-21 00:00:00, 0.0
63MOONS, 2018-08-23 00:00:00, 0.0
63MOONS, 2018-08-24 00:00:00, 0.0
63MOONS, 2018-08-27 00:00:00, 0.0
63MOONS, 2018-08-28 00:00:00, 0.0
63MOONS, 2018-08-29 00:00:00, 0.0
63MOONS, 2018-08-30 00:00:00, 0.0
63MOONS, 2018-08-31 00:00:00, 0.0
63MOONS, 2018-09-03 00:00:00, 0.0
63MOONS, 2018-09-04 00:00:00, 0.0
63MOONS, 2018-09-05 00:00:00, 0.0
63MOONS, 2018-09-06 00:00:00, 0.0
63MOONS, 2018-09-07 00:00:00, 0.0
63MOONS, 2018-09-10 00:00:00, 0.0
63MOONS, 2018-09-11 00:00:00, 0.0
63MOONS, 2018-09-12 00:00:00, 0.0
63MOONS, 2018-09-14 00:00:00, 0.0
63MOONS, 2018-09-17 00:00:00, 0.0
63MOONS, 2018-09-18 00:00:00, 0.0
63MOONS, 2018-09-19 00:00:00, 0.0
63MOONS, 2018-09-21 00:00:00, 0.0
63MOONS, 2018-09-24 00:00:00, 0.0
63MOONS, 2018-09-25 00:00:00, 0.0
63MOONS, 2018-09-26 00:00:00, 0.0
63MOONS, 2018-09-27 00:00:00, 0.0
63MOONS, 2018-09-28 00:00:00, 0.0
63MOONS, 2018-10-01 00:00:00, 0.0
63MOONS, 2018-10-03 00:00:00, 0.0
63MOONS, 2018-10-04 00:00:00, 0.0
63MOONS, 2018-10-05 00:00:00, 0.0
63MOONS, 2018-10-08 00:00:00, 0.0
63MOONS, 2018-10-09 00:00:00, 0.0
63MOONS, 2018-10-10 00:00:00, 0.0
63MOONS, 2018-10-11 00:00:00, 0.0
63MOONS, 2018-10-12 00:00:00, 0.0
63MOONS, 2018-10-15 00:00:00, 0.0
63MOONS, 2018-10-16 00:00:00, 0.0
63MOONS, 2018-10-17 00:00:00, 0.0
63MOONS, 2018-10-19 00:00:00, 0.0
63MOONS, 2018-10-22 00:00:00, 0.0
63MOONS, 2018-10-23 00:00:00, 0.0
63MOONS, 2018-10-24 00:00:00, 0.0
63MOONS, 2018-10-25 00:00:00, 0.0
63MOONS, 2018-10-26 00:00:00, 0.0
63MOONS, 2018-10-29 00:00:00, 0.0
63MOONS, 2018-10-30 00:00:00, 0.0
63MOONS, 2018-10-31 00:00:00, 0.0
63MOONS, 2018-11-01 00:00:00, 0.0
63MOONS, 2018-11-02 00:00:00, 0.0
63MOONS, 2018-11-05 00:00:00, 0.0
63MOONS, 2018-11-06 00:00:00, 0.0
63MOONS, 2018-11-07 00:00:00, 0.0
63MOONS, 2018-11-09 00:00:00, 0.0
63MOONS, 2018-11-12 00:00:00, 0.0
63MOONS, 2018-11-13 00:00:00, 0.0
63MOONS, 2018-11-14 00:00:00, 0.0
63MOONS, 2018-11-15 00:00:00, 0.0
63MOONS, 2018-11-16 00:00:00, 0.0
63MOONS, 2018-11-19 00:00:00, 0.0
63MOONS, 2018-11-20 00:00:00, 0.0
63MOONS, 2018-11-21 00:00:00, 0.0
63MOONS, 2018-11-22 00:00:00, 0.0
63MOONS, 2018-11-26 00:00:00, 0.0
63MOONS, 2018-11-27 00:00:00, 0.0
63MOONS, 2018-11-28 00:00:00, 0.0
63MOONS, 2018-11-29 00:00:00, 0.0
63MOONS, 2018-11-30 00:00:00, 0.0
63MOONS, 2018-12-03 00:00:00, 0.0
63MOONS, 2018-12-04 00:00:00, 0.0
63MOONS, 2018-12-05 00:00:00, 0.0
63MOONS, 2018-12-06 00:00:00, 0.0
63MOONS, 2018-12-07 00:00:00, 0.0
63MOONS, 2018-12-10 00:00:00, 0.0
63MOONS, 2018-12-11 00:00:00, 0.0
63MOONS, 2018-12-12 00:00:00, 0.0
63MOONS, 2018-12-13 00:00:00, 0.0
63MOONS, 2018-12-14 00:00:00, 0.0
63MOONS, 2018-12-17 00:00:00, 0.0
63MOONS, 2018-12-18 00:00:00, 0.0
63MOONS, 2018-12-19 00:00:00, 0.0
63MOONS, 2018-12-20 00:00:00, 0.0
63MOONS, 2018-12-21 00:00:00, 0.0
63MOONS, 2018-12-24 00:00:00, 0.0
63MOONS, 2018-12-26 00:00:00, 0.0
63MOONS, 2018-12-27 00:00:00, 0.0
63MOONS, 2018-12-28 00:00:00, 0.0
63MOONS, 2018-12-31 00:00:00, 0.0
8KMILES, 2018-01-18 00:00:00, 0.0
8KMILES, 2018-01-19 00:00:00, 0.0
8KMILES, 2018-01-22 00:00:00, 0.0
8KMILES, 2018-01-23 00:00:00, 0.0
8KMILES, 2018-01-24 00:00:00, 0.0
8KMILES, 2018-01-25 00:00:00, 0.0
8KMILES, 2018-01-29 00:00:00, 0.0
8KMILES, 2018-01-30 00:00:00, 0.0
8KMILES, 2018-01-31 00:00:00, 0.0
8KMILES, 2018-02-01 00:00:00, 0.0
8KMILES, 2018-02-02 00:00:00, 0.0
8KMILES, 2018-02-05 00:00:00, 0.0
8KMILES, 2018-02-06 00:00:00, 0.0
8KMILES, 2018-02-07 00:00:00, 0.0
8KMILES, 2018-02-08 00:00:00, 0.0
8KMILES, 2018-02-09 00:00:00, 0.0
8KMILES, 2018-02-12 00:00:00, 0.0
8KMILES, 2018-02-14 00:00:00, 0.0
8KMILES, 2018-02-15 00:00:00, 0.0
8KMILES, 2018-02-16 00:00:00, 0.0
8KMILES, 2018-02-19 00:00:00, 0.0
8KMILES, 2018-02-20 00:00:00, 0.0
8KMILES, 2018-02-21 00:00:00, 0.0
8KMILES, 2018-02-22 00:00:00, 0.0
8KMILES, 2018-02-23 00:00:00, 0.0
8KMILES, 2018-02-26 00:00:00, 0.0
8KMILES, 2018-02-27 00:00:00, 0.0
8KMILES, 2018-02-28 00:00:00, 0.0
8KMILES, 2018-03-01 00:00:00, 0.0
8KMILES, 2018-03-05 00:00:00, 0.0
8KMILES, 2018-03-06 00:00:00, 0.0
8KMILES, 2018-03-07 00:00:00, 0.0
8KMILES, 2018-03-08 00:00:00, 0.0
8KMILES, 2018-03-09 00:00:00, 0.0
8KMILES, 2018-03-12 00:00:00, 0.0
8KMILES, 2018-03-13 00:00:00, 0.0
8KMILES, 2018-03-14 00:00:00, 0.0
8KMILES, 2018-03-15 00:00:00, 0.0
8KMILES, 2018-03-16 00:00:00, 0.0
8KMILES, 2018-03-19 00:00:00, 0.0
8KMILES, 2018-03-20 00:00:00, 0.0
8KMILES, 2018-03-21 00:00:00, 0.0
8KMILES, 2018-03-22 00:00:00, 0.0
8KMILES, 2018-03-23 00:00:00, 0.0
8KMILES, 2018-03-26 00:00:00, 0.0
8KMILES, 2018-03-27 00:00:00, 0.0
8KMILES, 2018-03-28 00:00:00, 0.0
8KMILES, 2018-04-02 00:00:00, 0.0
8KMILES, 2018-04-03 00:00:00, 0.0
8KMILES, 2018-04-04 00:00:00, 0.0
8KMILES, 2018-04-05 00:00:00, 0.0
8KMILES, 2018-04-06 00:00:00, 0.0
8KMILES, 2018-04-09 00:00:00, 0.0
8KMILES, 2018-04-10 00:00:00, 0.0
8KMILES, 2018-04-11 00:00:00, 0.0
8KMILES, 2018-04-12 00:00:00, 0.0
8KMILES, 2018-04-13 00:00:00, 0.0
8KMILES, 2018-04-16 00:00:00, 0.0
8KMILES, 2018-04-17 00:00:00, 0.0
8KMILES, 2018-04-18 00:00:00, 0.0
8KMILES, 2018-04-19 00:00:00, 0.0
8KMILES, 2018-04-20 00:00:00, 0.0
8KMILES, 2018-04-23 00:00:00, 0.0
8KMILES, 2018-04-24 00:00:00, 0.0
8KMILES, 2018-04-25 00:00:00, 0.0
8KMILES, 2018-04-26 00:00:00, 0.0
8KMILES, 2018-04-27 00:00:00, 0.0
8KMILES, 2018-04-30 00:00:00, 0.0
8KMILES, 2018-05-02 00:00:00, 0.0
8KMILES, 2018-05-03 00:00:00, 0.0
8KMILES, 2018-05-04 00:00:00, 0.0
8KMILES, 2018-05-07 00:00:00, 0.0
8KMILES, 2018-05-08 00:00:00, 0.0
8KMILES, 2018-05-09 00:00:00, 0.0
8KMILES, 2018-05-10 00:00:00, 0.0
8KMILES, 2018-05-11 00:00:00, 0.0
8KMILES, 2018-05-14 00:00:00, 0.0
8KMILES, 2018-05-15 00:00:00, 0.0
8KMILES, 2018-05-16 00:00:00, 0.0
8KMILES, 2018-05-17 00:00:00, 0.0
8KMILES, 2018-05-18 00:00:00, 0.0
8KMILES, 2018-05-21 00:00:00, 0.0
8KMILES, 2018-05-22 00:00:00, 0.0
8KMILES, 2018-05-23 00:00:00, 0.0
8KMILES, 2018-05-24 00:00:00, 0.0
8KMILES, 2018-05-25 00:00:00, 0.0
8KMILES, 2018-05-28 00:00:00, 0.0
8KMILES, 2018-05-29 00:00:00, 0.0
8KMILES, 2018-05-30 00:00:00, 0.0
8KMILES, 2018-05-31 00:00:00, 0.0
8KMILES, 2018-06-01 00:00:00, 0.0
8KMILES, 2018-06-04 00:00:00, 0.0
8KMILES, 2018-06-05 00:00:00, 0.0
8KMILES, 2018-06-06 00:00:00, 0.0
8KMILES, 2018-06-07 00:00:00, 0.0
8KMILES, 2018-06-08 00:00:00, 0.0
8KMILES, 2018-06-11 00:00:00, 0.0
8KMILES, 2018-06-12 00:00:00, 0.0
8KMILES, 2018-06-13 00:00:00, 0.0
8KMILES, 2018-06-14 00:00:00, 0.0
8KMILES, 2018-06-15 00:00:00, 0.0
8KMILES, 2018-06-18 00:00:00, 0.0
8KMILES, 2018-06-19 00:00:00, 0.0
8KMILES, 2018-06-20 00:00:00, 0.0
8KMILES, 2018-06-21 00:00:00, 0.0
8KMILES, 2018-06-22 00:00:00, 0.0
8KMILES, 2018-06-25 00:00:00, 0.0
8KMILES, 2018-06-26 00:00:00, 0.0
8KMILES, 2018-06-27 00:00:00, 0.0
8KMILES, 2018-06-28 00:00:00, 0.0
8KMILES, 2018-06-29 00:00:00, 0.0
8KMILES, 2018-07-02 00:00:00, 0.0
8KMILES, 2018-07-03 00:00:00, 0.0
8KMILES, 2018-07-04 00:00:00, 0.0
8KMILES, 2018-07-05 00:00:00, 0.0
8KMILES, 2018-07-06 00:00:00, 0.0
8KMILES, 2018-07-09 00:00:00, 0.0
8KMILES, 2018-07-10 00:00:00, 0.0
8KMILES, 2018-07-11 00:00:00, 0.0
8KMILES, 2018-07-12 00:00:00, 0.0
8KMILES, 2018-07-13 00:00:00, 0.0
8KMILES, 2018-07-16 00:00:00, 0.0
8KMILES, 2018-07-17 00:00:00, 0.0
8KMILES, 2018-07-18 00:00:00, 0.0
8KMILES, 2018-07-19 00:00:00, 0.0
8KMILES, 2018-07-20 00:00:00, 0.0
8KMILES, 2018-07-23 00:00:00, 0.0
8KMILES, 2018-07-24 00:00:00, 0.0
8KMILES, 2018-07-25 00:00:00, 0.0
8KMILES, 2018-07-26 00:00:00, 0.0
8KMILES, 2018-07-27 00:00:00, 0.0
8KMILES, 2018-07-30 00:00:00, 0.0
8KMILES, 2018-07-31 00:00:00, 0.0
8KMILES, 2018-08-01 00:00:00, 0.0
8KMILES, 2018-08-02 00:00:00, 0.0
8KMILES, 2018-08-03 00:00:00, 0.0
8KMILES, 2018-08-06 00:00:00, 0.0
8KMILES, 2018-08-07 00:00:00, 0.0
8KMILES, 2018-08-08 00:00:00, 0.0
8KMILES, 2018-08-09 00:00:00, 0.0
8KMILES, 2018-08-10 00:00:00, 0.0
8KMILES, 2018-08-13 00:00:00, 0.0
8KMILES, 2018-08-14 00:00:00, 0.0
8KMILES, 2018-08-16 00:00:00, 0.0
8KMILES, 2018-08-17 00:00:00, 0.0
8KMILES, 2018-08-20 00:00:00, 0.0
8KMILES, 2018-08-21 00:00:00, 0.0
8KMILES, 2018-08-23 00:00:00, 0.0
8KMILES, 2018-08-24 00:00:00, 0.0
8KMILES, 2018-08-27 00:00:00, 0.0
8KMILES, 2018-08-28 00:00:00, 0.0
8KMILES, 2018-08-29 00:00:00, 0.0
8KMILES, 2018-08-30 00:00:00, 0.0
8KMILES, 2018-08-31 00:00:00, 0.0
8KMILES, 2018-09-03 00:00:00, 0.0
8KMILES, 2018-09-04 00:00:00, 0.0
8KMILES, 2018-09-05 00:00:00, 0.0
8KMILES, 2018-09-06 00:00:00, 0.0
8KMILES, 2018-09-07 00:00:00, 0.0
8KMILES, 2018-09-10 00:00:00, 0.0
8KMILES, 2018-09-11 00:00:00, 0.0
8KMILES, 2018-09-12 00:00:00, 0.0
8KMILES, 2018-09-14 00:00:00, 0.0
8KMILES, 2018-09-17 00:00:00, 0.0
8KMILES, 2018-09-18 00:00:00, 0.0
8KMILES, 2018-09-19 00:00:00, 0.0
8KMILES, 2018-09-21 00:00:00, 0.0
8KMILES, 2018-09-24 00:00:00, 0.0
8KMILES, 2018-09-25 00:00:00, 0.0
8KMILES, 2018-09-26 00:00:00, 0.0
8KMILES, 2018-09-27 00:00:00, 0.0
8KMILES, 2018-09-28 00:00:00, 0.0
8KMILES, 2018-10-01 00:00:00, 0.0
8KMILES, 2018-10-03 00:00:00, 0.0
8KMILES, 2018-10-04 00:00:00, 0.0
8KMILES, 2018-10-05 00:00:00, 0.0
8KMILES, 2018-10-08 00:00:00, 0.0
8KMILES, 2018-10-09 00:00:00, 0.0
8KMILES, 2018-10-10 00:00:00, 0.0
8KMILES, 2018-10-11 00:00:00, 0.0
8KMILES, 2018-10-12 00:00:00, 0.0
8KMILES, 2018-10-15 00:00:00, 0.0
8KMILES, 2018-10-16 00:00:00, 0.0
8KMILES, 2018-10-17 00:00:00, 0.0
8KMILES, 2018-10-19 00:00:00, 0.0
8KMILES, 2018-10-22 00:00:00, 0.0
8KMILES, 2018-10-23 00:00:00, 0.0
8KMILES, 2018-10-24 00:00:00, 0.0
8KMILES, 2018-10-25 00:00:00, 0.0
8KMILES, 2018-10-26 00:00:00, 0.0
8KMILES, 2018-10-29 00:00:00, 0.0
8KMILES, 2018-10-30 00:00:00, 0.0
8KMILES, 2018-10-31 00:00:00, 0.0
8KMILES, 2018-11-01 00:00:00, 0.0
8KMILES, 2018-11-02 00:00:00, 0.0
8KMILES, 2018-11-05 00:00:00, 0.0
8KMILES, 2018-11-06 00:00:00, 0.0
8KMILES, 2018-11-07 00:00:00, 0.0
8KMILES, 2018-11-09 00:00:00, 0.0
8KMILES, 2018-11-12 00:00:00, 0.0
8KMILES, 2018-11-13 00:00:00, 0.0
8KMILES, 2018-11-14 00:00:00, 0.0
8KMILES, 2018-11-15 00:00:00, 0.0
8KMILES, 2018-11-16 00:00:00, 0.0
8KMILES, 2018-11-19 00:00:00, 0.0
8KMILES, 2018-11-20 00:00:00, 0.0
8KMILES, 2018-11-21 00:00:00, 0.0
8KMILES, 2018-11-22 00:00:00, 0.0
8KMILES, 2018-11-26 00:00:00, 0.0
8KMILES, 2018-11-27 00:00:00, 0.0
8KMILES, 2018-11-28 00:00:00, 0.0
8KMILES, 2018-11-29 00:00:00, 0.0
8KMILES, 2018-11-30 00:00:00, 0.0
8KMILES, 2018-12-03 00:00:00, 0.0
8KMILES, 2018-12-04 00:00:00, 0.0
8KMILES, 2018-12-05 00:00:00, 0.0
8KMILES, 2018-12-06 00:00:00, 0.0
8KMILES, 2018-12-07 00:00:00, 0.0
8KMILES, 2018-12-10 00:00:00, 0.0
8KMILES, 2018-12-11 00:00:00, 0.0
8KMILES, 2018-12-12 00:00:00, 0.0
8KMILES, 2018-12-13 00:00:00, 0.0
8KMILES, 2018-12-14 00:00:00, 0.0
8KMILES, 2018-12-17 00:00:00, 0.0
8KMILES, 2018-12-18 00:00:00, 0.0
8KMILES, 2018-12-19 00:00:00, 0.0
8KMILES, 2018-12-20 00:00:00, 0.0
8KMILES, 2018-12-21 00:00:00, 0.0
8KMILES, 2018-12-24 00:00:00, 0.0
8KMILES, 2018-12-26 00:00:00, 0.0
8KMILES, 2018-12-27 00:00:00, 0.0
8KMILES, 2018-12-28 00:00:00, 0.0
8KMILES, 2018-12-31 00:00:00, 0.0
A2ZINFRA, 2018-01-18 00:00:00, 4.117715792422068
A2ZINFRA, 2018-01-19 00:00:00, 93.04989403622639
A2ZINFRA, 2018-01-22 00:00:00, 94.3946101469977
A2ZINFRA, 2018-01-23 00:00:00, 94.26737068118078
A2ZINFRA, 2018-01-24 00:00:00, 93.61353202097578
A2ZINFRA, 2018-01-25 00:00:00, 93.56714553954936
A2ZINFRA, 2018-01-29 00:00:00, 93.93262768714838
A2ZINFRA, 2018-01-30 00:00:00, 93.36875412546672
A2ZINFRA, 2018-01-31 00:00:00, 93.51295522640139
A2ZINFRA, 2018-02-01 00:00:00, 93.59222251450723
A2ZINFRA, 2018-02-02 00:00:00, 92.58353074478947
A2ZINFRA, 2018-02-05 00:00:00, 92.39582989084032
A2ZINFRA, 2018-02-06 00:00:00, 91.88106525188667
A2ZINFRA, 2018-02-07 00:00:00, 92.48224892376165
A2ZINFRA, 2018-02-08 00:00:00, 92.9688494156618
A2ZINFRA, 2018-02-09 00:00:00, 92.91686504492341
A2ZINFRA, 2018-02-12 00:00:00, 93.5817790845683
A2ZINFRA, 2018-02-14 00:00:00, 93.81591060095884
A2ZINFRA, 2018-02-15 00:00:00, 93.26009678790174
A2ZINFRA, 2018-02-16 00:00:00, 92.78400453757183
A2ZINFRA, 2018-02-19 00:00:00, 93.02039606820388
A2ZINFRA, 2018-02-20 00:00:00, 93.1418206293371
A2ZINFRA, 2018-02-21 00:00:00, 93.13783144373092
A2ZINFRA, 2018-02-22 00:00:00, 93.09269059788292
A2ZINFRA, 2018-02-23 00:00:00, 93.35517320149559
A2ZINFRA, 2018-02-26 00:00:00, 93.7637889169803
A2ZINFRA, 2018-02-27 00:00:00, 93.80269781582284
A2ZINFRA, 2018-02-28 00:00:00, 93.8127209672077
A2ZINFRA, 2018-03-01 00:00:00, 93.9729569934441
A2ZINFRA, 2018-03-05 00:00:00, 93.84192759390554
A2ZINFRA, 2018-03-06 00:00:00, 93.68703859215138
A2ZINFRA, 2018-03-07 00:00:00, 93.3554656720732
A2ZINFRA, 2018-03-08 00:00:00, 93.10119901897268
A2ZINFRA, 2018-03-09 00:00:00, 93.17146971650969
A2ZINFRA, 2018-03-12 00:00:00, 93.16352232547922
A2ZINFRA, 2018-03-13 00:00:00, 93.28163709558568
A2ZINFRA, 2018-03-14 00:00:00, 93.27087131926093
A2ZINFRA, 2018-03-15 00:00:00, 93.47735743253749
A2ZINFRA, 2018-03-16 00:00:00, 93.58717766849276
A2ZINFRA, 2018-03-19 00:00:00, 93.38371535220429
A2ZINFRA, 2018-03-20 00:00:00, 93.33738468728531
A2ZINFRA, 2018-03-21 00:00:00, 93.32503423124717
A2ZINFRA, 2018-03-22 00:00:00, 93.07631626475218
A2ZINFRA, 2018-03-23 00:00:00, 92.88600144913119
A2ZINFRA, 2018-03-26 00:00:00, 92.9405052230404
A2ZINFRA, 2018-03-27 00:00:00, 93.18617416624441
A2ZINFRA, 2018-03-28 00:00:00, 93.14661908057361
A2ZINFRA, 2018-04-02 00:00:00, 93.39249291822657
A2ZINFRA, 2018-04-03 00:00:00, 93.54279139904044
A2ZINFRA, 2018-04-04 00:00:00, 93.58288997696974
A2ZINFRA, 2018-04-05 00:00:00, 93.66839193699293
A2ZINFRA, 2018-04-06 00:00:00, 93.7384949785454
A2ZINFRA, 2018-04-09 00:00:00, 93.84275210082615
A2ZINFRA, 2018-04-10 00:00:00, 93.81591060095884
A2ZINFRA, 2018-04-11 00:00:00, 93.78380999805711
A2ZINFRA, 2018-04-12 00:00:00, 93.75667837082446
A2ZINFRA, 2018-04-13 00:00:00, 93.8682801817946
A2ZINFRA, 2018-04-16 00:00:00, 93.92464829470639
A2ZINFRA, 2018-04-17 00:00:00, 93.94549313909742
A2ZINFRA, 2018-04-18 00:00:00, 93.90602958204215
A2ZINFRA, 2018-04-19 00:00:00, 93.93744681742842
A2ZINFRA, 2018-04-20 00:00:00, 93.85472194219523
A2ZINFRA, 2018-04-23 00:00:00, 93.90531256565258
A2ZINFRA, 2018-04-24 00:00:00, 93.93405546287293
A2ZINFRA, 2018-04-25 00:00:00, 93.86775455827771
A2ZINFRA, 2018-04-26 00:00:00, 93.86212716432725
A2ZINFRA, 2018-04-27 00:00:00, 93.89925964042682
A2ZINFRA, 2018-04-30 00:00:00, 93.89559925210924
A2ZINFRA, 2018-05-02 00:00:00, 93.92656345461822
A2ZINFRA, 2018-05-03 00:00:00, 93.86229309974549
A2ZINFRA, 2018-05-04 00:00:00, 93.8819228119492
A2ZINFRA, 2018-05-07 00:00:00, 93.87425911662167
A2ZINFRA, 2018-05-08 00:00:00, 93.82329889838577
A2ZINFRA, 2018-05-09 00:00:00, 93.77772756094733
A2ZINFRA, 2018-05-10 00:00:00, 93.65984854715254
A2ZINFRA, 2018-05-11 00:00:00, 93.53184523187409
A2ZINFRA, 2018-05-14 00:00:00, 93.41532686087011
A2ZINFRA, 2018-05-15 00:00:00, 93.44833253809774
A2ZINFRA, 2018-05-16 00:00:00, 93.38155398986078
A2ZINFRA, 2018-05-17 00:00:00, 93.52570024044938
A2ZINFRA, 2018-05-18 00:00:00, 93.57624934109018
A2ZINFRA, 2018-05-21 00:00:00, 93.53152768973648
A2ZINFRA, 2018-05-22 00:00:00, 93.57137579375843
A2ZINFRA, 2018-05-23 00:00:00, 93.63618275508937
A2ZINFRA, 2018-05-24 00:00:00, 93.70524157850772
A2ZINFRA, 2018-05-25 00:00:00, 93.80269781582284
A2ZINFRA, 2018-05-28 00:00:00, 94.06043290298294
A2ZINFRA, 2018-05-29 00:00:00, 94.08831381241261
A2ZINFRA, 2018-05-30 00:00:00, 94.03245543918494
A2ZINFRA, 2018-05-31 00:00:00, 94.02410584158517
A2ZINFRA, 2018-06-01 00:00:00, 93.98494200681975
A2ZINFRA, 2018-06-04 00:00:00, 94.04109881671774
A2ZINFRA, 2018-06-05 00:00:00, 93.8392765033913
A2ZINFRA, 2018-06-06 00:00:00, 93.8306523301583
A2ZINFRA, 2018-06-07 00:00:00, 93.93895957379084
A2ZINFRA, 2018-06-08 00:00:00, 93.96485327722434
A2ZINFRA, 2018-06-11 00:00:00, 94.0288943892921
A2ZINFRA, 2018-06-12 00:00:00, 94.10778276600503
A2ZINFRA, 2018-06-13 00:00:00, 94.16965703288386
A2ZINFRA, 2018-06-14 00:00:00, 94.10672574455356
A2ZINFRA, 2018-06-15 00:00:00, 94.12526910551586
A2ZINFRA, 2018-06-18 00:00:00, 94.11252313858654
A2ZINFRA, 2018-06-19 00:00:00, 94.1011638731047
A2ZINFRA, 2018-06-20 00:00:00, 94.12779915047449
A2ZINFRA, 2018-06-21 00:00:00, 94.11305779704075
A2ZINFRA, 2018-06-22 00:00:00, 94.10529465523693
A2ZINFRA, 2018-06-25 00:00:00, 94.11095586052254
A2ZINFRA, 2018-06-26 00:00:00, 94.07430594131885
A2ZINFRA, 2018-06-27 00:00:00, 93.99933242682818
A2ZINFRA, 2018-06-28 00:00:00, 93.96708288146368
A2ZINFRA, 2018-06-29 00:00:00, 94.04443702041614
A2ZINFRA, 2018-07-02 00:00:00, 94.00434289595296
A2ZINFRA, 2018-07-03 00:00:00, 94.01440495718813
A2ZINFRA, 2018-07-04 00:00:00, 94.02594683535895
A2ZINFRA, 2018-07-05 00:00:00, 94.02868358096246
A2ZINFRA, 2018-07-06 00:00:00, 94.0769492359475
A2ZINFRA, 2018-07-09 00:00:00, 94.16702333825742
A2ZINFRA, 2018-07-10 00:00:00, 94.19979559851068
A2ZINFRA, 2018-07-11 00:00:00, 94.25836036226265
A2ZINFRA, 2018-07-12 00:00:00, 94.3286314089974
A2ZINFRA, 2018-07-13 00:00:00, 94.30533846539606
A2ZINFRA, 2018-07-16 00:00:00, 94.23096616247297
A2ZINFRA, 2018-07-17 00:00:00, 94.21910635765047
A2ZINFRA, 2018-07-18 00:00:00, 94.18886576281555
A2ZINFRA, 2018-07-19 00:00:00, 94.16041984974872
A2ZINFRA, 2018-07-20 00:00:00, 94.15349985430788
A2ZINFRA, 2018-07-23 00:00:00, 94.21035605627289
A2ZINFRA, 2018-07-24 00:00:00, 94.32129326947295
A2ZINFRA, 2018-07-25 00:00:00, 94.33380272157414
A2ZINFRA, 2018-07-26 00:00:00, 94.32122334213264
A2ZINFRA, 2018-07-27 00:00:00, 94.5442412218039
A2ZINFRA, 2018-07-30 00:00:00, 94.47245884087702
A2ZINFRA, 2018-07-31 00:00:00, 94.45110340672223
A2ZINFRA, 2018-08-01 00:00:00, 94.4765248427145
A2ZINFRA, 2018-08-02 00:00:00, 94.50102862004022
A2ZINFRA, 2018-08-03 00:00:00, 94.51083719546322
A2ZINFRA, 2018-08-06 00:00:00, 94.49417800561427
A2ZINFRA, 2018-08-07 00:00:00, 94.48016124785582
A2ZINFRA, 2018-08-08 00:00:00, 94.50061125449231
A2ZINFRA, 2018-08-09 00:00:00, 94.53631269686575
A2ZINFRA, 2018-08-10 00:00:00, 94.5262894456768
A2ZINFRA, 2018-08-13 00:00:00, 94.50993857690928
A2ZINFRA, 2018-08-14 00:00:00, 94.52906733072767
A2ZINFRA, 2018-08-16 00:00:00, 94.55903481231591
A2ZINFRA, 2018-08-17 00:00:00, 94.5433872983859
A2ZINFRA, 2018-08-20 00:00:00, 94.52794292901523
A2ZINFRA, 2018-08-21 00:00:00, 94.53497087860147
A2ZINFRA, 2018-08-23 00:00:00, 94.53244790467068
A2ZINFRA, 2018-08-24 00:00:00, 94.52178311773629
A2ZINFRA, 2018-08-27 00:00:00, 94.54427418360434
A2ZINFRA, 2018-08-28 00:00:00, 94.53188315698623
A2ZINFRA, 2018-08-29 00:00:00, 94.51222167594008
A2ZINFRA, 2018-08-30 00:00:00, 94.50619498503903
A2ZINFRA, 2018-08-31 00:00:00, 94.51667715727838
A2ZINFRA, 2018-09-03 00:00:00, 94.51328799624338
A2ZINFRA, 2018-09-04 00:00:00, 94.48220109752782
A2ZINFRA, 2018-09-05 00:00:00, 94.436475809832
A2ZINFRA, 2018-09-06 00:00:00, 94.44994056696777
A2ZINFRA, 2018-09-07 00:00:00, 94.46507659362328
A2ZINFRA, 2018-09-10 00:00:00, 94.46415354153046
A2ZINFRA, 2018-09-11 00:00:00, 94.47375449382945
A2ZINFRA, 2018-09-12 00:00:00, 94.51754126822978
A2ZINFRA, 2018-09-14 00:00:00, 94.49923802039768
A2ZINFRA, 2018-09-17 00:00:00, 94.5121813291578
A2ZINFRA, 2018-09-18 00:00:00, 94.5315648956098
A2ZINFRA, 2018-09-19 00:00:00, 94.50726904530389
A2ZINFRA, 2018-09-21 00:00:00, 94.45086445371031
A2ZINFRA, 2018-09-24 00:00:00, 94.41637565804658
A2ZINFRA, 2018-09-25 00:00:00, 94.39311416267807
A2ZINFRA, 2018-09-26 00:00:00, 94.38760305063147
A2ZINFRA, 2018-09-27 00:00:00, 94.38049282306326
A2ZINFRA, 2018-09-28 00:00:00, 94.26025541290902
A2ZINFRA, 2018-10-01 00:00:00, 94.10174078556514
A2ZINFRA, 2018-10-03 00:00:00, 94.06288004467211
A2ZINFRA, 2018-10-04 00:00:00, 94.02647586989313
A2ZINFRA, 2018-10-05 00:00:00, 94.06627174311105
A2ZINFRA, 2018-10-08 00:00:00, 94.10364258637689
A2ZINFRA, 2018-10-09 00:00:00, 94.11870537900927
A2ZINFRA, 2018-10-10 00:00:00, 94.15131415169078
A2ZINFRA, 2018-10-11 00:00:00, 94.17284483666971
A2ZINFRA, 2018-10-12 00:00:00, 94.21642563488396
A2ZINFRA, 2018-10-15 00:00:00, 94.26063036321446
A2ZINFRA, 2018-10-16 00:00:00, 94.29522134863039
A2ZINFRA, 2018-10-17 00:00:00, 94.30824580053188
A2ZINFRA, 2018-10-19 00:00:00, 94.25531386769674
A2ZINFRA, 2018-10-22 00:00:00, 94.26165297011812
A2ZINFRA, 2018-10-23 00:00:00, 94.24765558190703
A2ZINFRA, 2018-10-24 00:00:00, 94.25457118161441
A2ZINFRA, 2018-10-25 00:00:00, 94.2510664476319
A2ZINFRA, 2018-10-26 00:00:00, 94.27023619326445
A2ZINFRA, 2018-10-29 00:00:00, 94.32116884069613
A2ZINFRA, 2018-10-30 00:00:00, 94.34377430908906
A2ZINFRA, 2018-10-31 00:00:00, 94.3662412974507
A2ZINFRA, 2018-11-01 00:00:00, 94.3677629385704
A2ZINFRA, 2018-11-02 00:00:00, 94.37988496176452
A2ZINFRA, 2018-11-05 00:00:00, 94.39906975003176
A2ZINFRA, 2018-11-06 00:00:00, 94.41141781190541
A2ZINFRA, 2018-11-07 00:00:00, 94.42701453982731
A2ZINFRA, 2018-11-09 00:00:00, 94.47303927662729
A2ZINFRA, 2018-11-12 00:00:00, 94.49796874763167
A2ZINFRA, 2018-11-13 00:00:00, 94.49015226435516
A2ZINFRA, 2018-11-14 00:00:00, 94.54894119967535
A2ZINFRA, 2018-11-15 00:00:00, 94.52197662221646
A2ZINFRA, 2018-11-16 00:00:00, 94.51276700443488
A2ZINFRA, 2018-11-19 00:00:00, 94.54734872167941
A2ZINFRA, 2018-11-20 00:00:00, 94.53679875188878
A2ZINFRA, 2018-11-21 00:00:00, 94.53679311019582
A2ZINFRA, 2018-11-22 00:00:00, 94.53815001750553
A2ZINFRA, 2018-11-26 00:00:00, 94.55022662000026
A2ZINFRA, 2018-11-27 00:00:00, 94.56763260695602
A2ZINFRA, 2018-11-28 00:00:00, 94.5715500691723
A2ZINFRA, 2018-11-29 00:00:00, 94.56654603549809
A2ZINFRA, 2018-11-30 00:00:00, 94.57354823182426
A2ZINFRA, 2018-12-03 00:00:00, 94.55693995814238
A2ZINFRA, 2018-12-04 00:00:00, 94.54767388950158
A2ZINFRA, 2018-12-05 00:00:00, 94.53409752623156
A2ZINFRA, 2018-12-06 00:00:00, 94.53105251232752
A2ZINFRA, 2018-12-07 00:00:00, 94.53757561944049
A2ZINFRA, 2018-12-10 00:00:00, 94.53755283682843
A2ZINFRA, 2018-12-11 00:00:00, 94.56286824945916
A2ZINFRA, 2018-12-12 00:00:00, 94.6004726986207
A2ZINFRA, 2018-12-13 00:00:00, 94.60498239489856
A2ZINFRA, 2018-12-14 00:00:00, 94.58689259481201
A2ZINFRA, 2018-12-17 00:00:00, 94.60038089590137
A2ZINFRA, 2018-12-18 00:00:00, 94.59219443136385
A2ZINFRA, 2018-12-19 00:00:00, 94.60756760567463
A2ZINFRA, 2018-12-20 00:00:00, 94.62034528866384
A2ZINFRA, 2018-12-21 00:00:00, 94.62261013451551
A2ZINFRA, 2018-12-24 00:00:00, 94.62850065738135
A2ZINFRA, 2018-12-26 00:00:00, 94.62921494054058
A2ZINFRA, 2018-12-27 00:00:00, 94.64045696409245
A2ZINFRA, 2018-12-28 00:00:00, 94.64590154617491
A2ZINFRA, 2018-12-31 00:00:00, 94.65636771380976
AARON, 2018-09-24 00:00:00, 100.0
AARON, 2018-09-25 00:00:00, 100.0
AARON, 2018-09-26 00:00:00, 100.0
AARON, 2018-09-27 00:00:00, 100.0
AARON, 2018-09-28 00:00:00, 100.0
AARON, 2018-10-03 00:00:00, 100.0
AARON, 2018-10-05 00:00:00, 100.0
AARON, 2018-10-08 00:00:00, 100.0
AARON, 2018-10-11 00:00:00, 100.0
AARON, 2018-10-16 00:00:00, 100.0
AARON, 2018-10-22 00:00:00, 100.0
AARON, 2018-10-25 00:00:00, 100.0
AARON, 2018-10-26 00:00:00, 98.73655642850368
AARON, 2018-10-29 00:00:00, 100.0
AARON, 2018-10-30 00:00:00, 98.69894008445999
AARON, 2018-10-31 00:00:00, 98.86887796414652
AARON, 2018-11-01 00:00:00, 100.0
AARON, 2018-11-02 00:00:00, 98.72354485578785
AARON, 2018-11-07 00:00:00, 100.0
AARON, 2018-11-09 00:00:00, 99.93450289475084
AARON, 2018-11-12 00:00:00, 99.902513303767
AARON, 2018-11-13 00:00:00, 100.0
AARON, 2018-11-14 00:00:00, 100.0
AARON, 2018-11-15 00:00:00, 100.0
AARON, 2018-11-16 00:00:00, 98.89800039596093
AARON, 2018-11-20 00:00:00, 100.0
AARON, 2018-11-21 00:00:00, 100.0
AARON, 2018-11-22 00:00:00, 100.0
AARON, 2018-11-26 00:00:00, 100.0
AARON, 2018-11-27 00:00:00, 100.0
AARON, 2018-11-28 00:00:00, 100.0
AARON, 2018-11-29 00:00:00, 100.0
AARON, 2018-11-30 00:00:00, 100.0
AARON, 2018-12-03 00:00:00, 100.0
AARON, 2018-12-04 00:00:00, 100.0
AARON, 2018-12-05 00:00:00, 100.0
AARON, 2018-12-06 00:00:00, 100.0
AARON, 2018-12-07 00:00:00, 100.0
AARON, 2018-12-11 00:00:00, 100.0
AARON, 2018-12-17 00:00:00, 100.0
AARON, 2018-12-19 00:00:00, 100.0
AARON, 2018-12-20 00:00:00, 100.0
AARON, 2018-12-24 00:00:00, 100.0
AARON, 2018-12-26 00:00:00, 100.0
AARON, 2018-12-27 00:00:00, 100.0
AARON, 2018-12-28 00:00:00, 100.0
AARON, 2018-12-31 00:00:00, 100.0